"icode","n","min","max","mean","sd","meanpsd","meanmsd","month","code","realm","biome"
1,4109893,0,100,60.914068,18.699044,79.613112,42.215024,"01","AT_1","Afrotropics","Tropical & Subtropical Moist Broadleaf Forests"
2,236635,25,98,76.720379,8.709423,85.429802,68.010956,"01","AT_2","Afrotropics","Tropical & Subtropical Dry Broadleaf Forests"
3,16677534,0,98,44.242317,27.719529,71.961846,16.522788,"01","AT_7","Afrotropics","Tropical & Subtropical Grasslands, Savannas & Shrublands"
4,32718,9,91,20.121248,9.070568,29.191816,11.05068,"01","AT_8","Afrotropics","Temperate Grasslands, Savannas & Shrublands"
5,547700,9,98,48.19637,23.81296,72.00933,24.38341,"01","AT_9","Afrotropics","Flooded Grasslands & Savannas"
6,1082127,0,100,53.714442,20.585185,74.299627,33.129257,"01","AT_10","Afrotropics","Montane Grasslands & Shrublands"
7,133341,6,74,28.340503,13.405436,41.745939,14.935067,"01","AT_12","Afrotropics","Mediterranean Forests, Woodlands & Scrub"
8,3035375,1,90,35.053093,17.819859,52.872952,17.233234,"01","AT_13","Afrotropics","Deserts & Xeric Shrublands"
9,90957,8,94,52.411117,17.911984,70.323101,34.499133,"01","AT_14","Afrotropics","Mangroves"
10,182688,9,92,53.494428,19.136761,72.631189,34.357667,"01","AT_98","Afrotropics","Lake"
11,15249574,1,100,34.431018,17.390752,51.82177,17.040266,"01","AN_11","Antarctic","Tundra"
12,1358169,48,100,86.110507,7.322893,93.4334,78.787614,"01","AA_1","Australasia","Tropical & Subtropical Moist Broadleaf Forests"
13,104288,46,100,87.731187,7.381682,95.112869,80.349505,"01","AA_2","Australasia","Tropical & Subtropical Dry Broadleaf Forests"
14,1060843,23,92,51.537248,12.248699,63.785947,39.288549,"01","AA_4","Australasia","Temperate Broadleaf & Mixed Forests"
15,2670428,38,96,69.759746,11.274759,81.034505,58.484987,"01","AA_7","Australasia","Tropical & Subtropical Grasslands, Savannas & Shrublands"
16,865493,20,90,40.232647,10.316756,50.549403,29.915891,"01","AA_8","Australasia","Temperate Grasslands, Savannas & Shrublands"
17,99967,32,100,66.319685,17.850669,84.170354,48.469016,"01","AA_10","Australasia","Montane Grasslands & Shrublands"
18,1630,67,95,83.052761,6.198847,89.251608,76.853914,"01","AA_11","Australasia","Tundra"
19,1113014,14,76,27.169085,5.701374,32.870459,21.467711,"01","AA_12","Australasia","Mediterranean Forests, Woodlands & Scrub"
20,4626700,12,71,35.214875,10.380335,45.59521,24.83454,"01","AA_13","Australasia","Deserts & Xeric Shrublands"
21,31421,61,96,79.968652,6.165483,86.134135,73.803169,"01","AA_14","Australasia","Mangroves"
22,6661401,4,100,56.145744,28.21507,84.360814,27.930674,"01","IM_1","IndoMalay","Tropical & Subtropical Moist Broadleaf Forests"
23,1886721,4,91,26.414383,16.247705,42.662088,10.166678,"01","IM_2","IndoMalay","Tropical & Subtropical Dry Broadleaf Forests"
24,127677,13,100,38.894648,16.354225,55.248873,22.540423,"01","IM_3","IndoMalay","Tropical & Subtropical Coniferous Forests"
25,200216,11,99,46.259425,14.568002,60.827427,31.691423,"01","IM_4","IndoMalay","Temperate Broadleaf & Mixed Forests"
26,90962,14,99,45.205207,15.168883,60.37409,30.036324,"01","IM_5","IndoMalay","Temperate Conifer Forests"
27,45388,15,74,36.185886,9.633544,45.81943,26.552342,"01","IM_7","IndoMalay","Tropical & Subtropical Grasslands, Savannas & Shrublands"
28,35520,6,78,18.184488,8.965767,27.150255,9.218721,"01","IM_9","IndoMalay","Flooded Grasslands & Savannas"
29,5088,81,100,92.145637,3.899088,96.044725,88.246549,"01","IM_10","IndoMalay","Montane Grasslands & Shrublands"
30,1396261,4,76,23.439113,12.065502,35.504615,11.373611,"01","IM_13","IndoMalay","Deserts & Xeric Shrublands"
31,142941,5,97,48.876648,30.372375,79.249023,18.504273,"01","IM_14","IndoMalay","Mangroves"
32,666166,13,90,63.768729,21.559242,85.327971,42.209487,"01","NA_2","Nearctic","Tropical & Subtropical Dry Broadleaf Forests"
33,14778591,13,100,64.978417,17.710434,82.688851,47.267983,"01","NA_3","Nearctic","Tropical & Subtropical Coniferous Forests"
34,2891794,12,100,55.433491,20.905874,76.339365,34.527617,"01","NA_4","Nearctic","Temperate Broadleaf & Mixed Forests"
35,24585235,5,100,57.540165,18.13269,75.672855,39.407475,"01","NA_5","Nearctic","Temperate Conifer Forests"
36,8286176,11,100,56.408385,19.029124,75.437509,37.379261,"01","NA_6","Nearctic","Boreal Forests/Taiga"
37,526657,11,74,30.931198,8.989005,39.920203,21.942193,"01","NA_7","Nearctic","Tropical & Subtropical Grasslands, Savannas & Shrublands"
38,4899545,9,100,45.599934,14.788634,60.388568,30.8113,"01","NA_8","Nearctic","Temperate Grasslands, Savannas & Shrublands"
39,10943238,0,100,65.198571,19.641651,84.840222,45.55692,"01","NA_11","Nearctic","Tundra"
40,3015613,13,100,54.620965,13.641596,68.262561,40.979369,"01","NA_12","Nearctic","Mediterranean Forests, Woodlands & Scrub"
41,24050422,2,100,33.01612,18.12987,51.14599,14.88625,"01","NA_13","Nearctic","Deserts & Xeric Shrublands"
42,67273,22,46,29.321882,2.672267,31.994149,26.649615,"01","NA_98","Nearctic","Lake"
43,375006,24,81,38.4936,6.263764,44.757364,32.229836,"01","NA_99","Nearctic","Rock & Ice"
44,4419312,45,98,66.850532,10.64876,77.499292,56.201772,"01","NT_1","Neotropics","Tropical & Subtropical Moist Broadleaf Forests"
45,3848773,23,100,62.71011,12.258224,74.968334,50.451886,"01","NT_2","Neotropics","Tropical & Subtropical Dry Broadleaf Forests"
46,11172313,22,100,59.293299,12.309291,71.60259,46.984008,"01","NT_3","Neotropics","Tropical & Subtropical Coniferous Forests"
47,107349,49,76,57.941006,2.925809,60.866815,55.015197,"01","NT_4","Neotropics","Temperate Broadleaf & Mixed Forests"
48,5021883,22,90,54.23605,10.459219,64.695269,43.776831,"01","NT_7","Neotropics","Tropical & Subtropical Grasslands, Savannas & Shrublands"
49,10829933,13,100,64.702592,14.655177,79.357769,50.047415,"01","NT_8","Neotropics","Temperate Grasslands, Savannas & Shrublands"
50,173991,27,89,42.587025,6.864995,49.45202,35.72203,"01","NT_9","Neotropics","Flooded Grasslands & Savannas"
51,3294261,18,95,39.75512,12.350377,52.105497,27.404743,"01","NT_10","Neotropics","Montane Grasslands & Shrublands"
52,1517251,25,99,70.329327,12.472049,82.801376,57.857278,"01","NT_12","Neotropics","Mediterranean Forests, Woodlands & Scrub"
53,74088083,0,100,7.282928,15.828417,23.111345,-8.545489,"01","NT_13","Neotropics","Deserts & Xeric Shrublands"
54,11000629,8,100,77.424004,10.185983,87.609987,67.238021,"01","NT_14","Neotropics","Mangroves"
55,1386714,6,100,58.160072,21.362577,79.522649,36.797495,"01","NT_98","Neotropics","Lake"
56,399192,12,99,48.530163,16.111707,64.64187,32.418456,"01","NT_99","Neotropics","Rock & Ice"
57,690949,2,100,62.363153,25.776522,88.139675,36.586631,"01","OC_1","Oceania","Tropical & Subtropical Moist Broadleaf Forests"
58,4946417,17,97,67.805275,14.427896,82.233171,53.377379,"01","OC_2","Oceania","Tropical & Subtropical Dry Broadleaf Forests"
59,2478959,11,100,38.941988,12.433166,51.375154,26.508822,"01","OC_7","Oceania","Tropical & Subtropical Grasslands, Savannas & Shrublands"
60,340291,15,96,64.372331,14.981637,79.353968,49.390694,"01","PA_1","Palearctic","Tropical & Subtropical Moist Broadleaf Forests"
61,1103937,2,100,55.954613,24.541087,80.4957,31.413526,"01","PA_4","Palearctic","Temperate Broadleaf & Mixed Forests"
62,202871,1,59,9.488133,7.845716,17.333849,1.642417,"01","PA_5","Palearctic","Temperate Conifer Forests"
63,1401083,3,99,60.966498,20.631587,81.598085,40.334911,"01","PA_6","Palearctic","Boreal Forests/Taiga"
64,151413,5,98,53.918435,19.19068,73.109115,34.727755,"01","PA_8","Palearctic","Temperate Grasslands, Savannas & Shrublands"
65,9721,34,87,58.770497,10.154217,68.924714,48.61628,"01","PA_9","Palearctic","Flooded Grasslands & Savannas"
66,31283,55,100,96.343701,6.249697,102.593398,90.094004,"01","PA_10","Palearctic","Montane Grasslands & Shrublands"
67,35354,19,100,73.450501,13.900994,87.351495,59.549507,"01","PA_11","Palearctic","Tundra"
68,18023,18,96,65.074682,17.286782,82.361464,47.7879,"01","PA_12","Palearctic","Mediterranean Forests, Woodlands & Scrub"
69,4200,17,80,33.281905,9.06422,42.346125,24.217685,"01","PA_13","Palearctic","Deserts & Xeric Shrublands"
1,4109874,0,100,68.210682,16.887429,85.098111,51.323253,"02","AT_1","Afrotropics","Tropical & Subtropical Moist Broadleaf Forests"
2,236635,15,97,69.945477,10.490436,80.435913,59.455041,"02","AT_2","Afrotropics","Tropical & Subtropical Dry Broadleaf Forests"
3,16677700,0,96,45.727986,25.706881,71.434867,20.021105,"02","AT_7","Afrotropics","Tropical & Subtropical Grasslands, Savannas & Shrublands"
4,32718,5,91,13.866282,8.452695,22.318977,5.413587,"02","AT_8","Afrotropics","Temperate Grasslands, Savannas & Shrublands"
5,547700,12,98,48.78763,18.222755,67.010385,30.564875,"02","AT_9","Afrotropics","Flooded Grasslands & Savannas"
6,1082121,0,100,51.572942,18.619577,70.192519,32.953365,"02","AT_10","Afrotropics","Montane Grasslands & Shrublands"
7,133341,7,74,28.402067,12.990082,41.392149,15.411985,"02","AT_12","Afrotropics","Mediterranean Forests, Woodlands & Scrub"
8,3035308,1,89,34.28279,17.765874,52.048664,16.516916,"02","AT_13","Afrotropics","Deserts & Xeric Shrublands"
9,90957,13,96,55.746166,21.584604,77.33077,34.161562,"02","AT_14","Afrotropics","Mangroves"
10,182688,14,91,56.703516,14.461438,71.164954,42.242078,"02","AT_98","Afrotropics","Lake"
11,15249510,2,100,41.631346,19.390903,61.022249,22.240443,"02","AN_11","Antarctic","Tundra"
12,1358169,42,100,84.741306,7.60174,92.343046,77.139566,"02","AA_1","Australasia","Tropical & Subtropical Moist Broadleaf Forests"
13,104288,44,100,84.445555,8.492073,92.937628,75.953482,"02","AA_2","Australasia","Tropical & Subtropical Dry Broadleaf Forests"
14,1060843,30,92,57.491652,10.226729,67.718381,47.264923,"02","AA_4","Australasia","Temperate Broadleaf & Mixed Forests"
15,2670428,33,94,65.409496,10.443263,75.852759,54.966233,"02","AA_7","Australasia","Tropical & Subtropical Grasslands, Savannas & Shrublands"
16,865493,27,95,46.009246,7.38076,53.390006,38.628486,"02","AA_8","Australasia","Temperate Grasslands, Savannas & Shrublands"
17,99967,39,100,66.254024,17.112053,83.366077,49.141971,"02","AA_10","Australasia","Montane Grasslands & Shrublands"
18,1630,62,94,83.399387,5.925308,89.324695,77.474079,"02","AA_11","Australasia","Tundra"
19,1113014,14,81,35.434193,6.186654,41.620847,29.247539,"02","AA_12","Australasia","Mediterranean Forests, Woodlands & Scrub"
20,4626700,14,72,39.169046,7.285236,46.454282,31.88381,"02","AA_13","Australasia","Deserts & Xeric Shrublands"
21,31421,62,95,79.460934,5.42868,84.889614,74.032254,"02","AA_14","Australasia","Mangroves"
22,6661401,3,100,54.207199,29.490818,83.698017,24.716381,"02","IM_1","IndoMalay","Tropical & Subtropical Moist Broadleaf Forests"
23,1886718,3,90,24.798292,16.26312,41.061412,8.535172,"02","IM_2","IndoMalay","Tropical & Subtropical Dry Broadleaf Forests"
24,127677,17,100,45.763873,16.512625,62.276498,29.251248,"02","IM_3","IndoMalay","Tropical & Subtropical Coniferous Forests"
25,200216,17,100,57.406066,15.921891,73.327957,41.484175,"02","IM_4","IndoMalay","Temperate Broadleaf & Mixed Forests"
26,90962,19,100,56.000814,16.585991,72.586805,39.414823,"02","IM_5","IndoMalay","Temperate Conifer Forests"
27,45388,17,79,24.64863,3.98656,28.63519,20.66207,"02","IM_7","IndoMalay","Tropical & Subtropical Grasslands, Savannas & Shrublands"
28,35520,4,81,12.211177,6.133285,18.344462,6.077892,"02","IM_9","IndoMalay","Flooded Grasslands & Savannas"
29,5088,73,99,88.810928,5.716659,94.527587,83.094269,"02","IM_10","IndoMalay","Montane Grasslands & Shrublands"
30,1396254,2,65,22.55622,12.353447,34.909667,10.202773,"02","IM_13","IndoMalay","Deserts & Xeric Shrublands"
31,142939,2,97,43.372425,29.348353,72.720778,14.024072,"02","IM_14","IndoMalay","Mangroves"
32,666166,14,94,61.023961,23.711402,84.735363,37.312559,"02","NA_2","Nearctic","Tropical & Subtropical Dry Broadleaf Forests"
33,14778591,17,100,64.83601,15.246536,80.082546,49.589474,"02","NA_3","Nearctic","Tropical & Subtropical Coniferous Forests"
34,2891794,15,100,57.058426,18.56293,75.621356,38.495496,"02","NA_4","Nearctic","Temperate Broadleaf & Mixed Forests"
35,24585235,4,100,48.851919,17.021285,65.873204,31.830634,"02","NA_5","Nearctic","Temperate Conifer Forests"
36,8286176,14,100,51.96867,16.228715,68.197385,35.739955,"02","NA_6","Nearctic","Boreal Forests/Taiga"
37,526657,7,72,32.238497,9.62828,41.866777,22.610217,"02","NA_7","Nearctic","Tropical & Subtropical Grasslands, Savannas & Shrublands"
38,4899545,13,100,54.880955,14.690164,69.571119,40.190791,"02","NA_8","Nearctic","Temperate Grasslands, Savannas & Shrublands"
39,13143257,2,100,59.879784,19.063586,78.94337,40.816198,"02","NA_11","Nearctic","Tundra"
40,3015613,17,100,55.096373,12.911664,68.008037,42.184709,"02","NA_12","Nearctic","Mediterranean Forests, Woodlands & Scrub"
41,24049588,1,100,31.827725,16.248721,48.076446,15.579004,"02","NA_13","Nearctic","Deserts & Xeric Shrublands"
42,67273,22,39,30.076717,2.215877,32.292594,27.86084,"02","NA_98","Nearctic","Lake"
43,375006,20,82,33.19152,5.389379,38.580899,27.802141,"02","NA_99","Nearctic","Rock & Ice"
44,4419312,40,97,66.732111,8.030075,74.762186,58.702036,"02","NT_1","Neotropics","Tropical & Subtropical Moist Broadleaf Forests"
45,3848773,27,100,63.701276,9.557212,73.258488,54.144064,"02","NT_2","Neotropics","Tropical & Subtropical Dry Broadleaf Forests"
46,11172313,18,100,52.819914,13.074932,65.894846,39.744982,"02","NT_3","Neotropics","Tropical & Subtropical Coniferous Forests"
47,107349,47,71,61.890702,4.260175,66.150877,57.630527,"02","NT_4","Neotropics","Temperate Broadleaf & Mixed Forests"
48,5021883,28,87,53.280243,6.547904,59.828147,46.732339,"02","NT_7","Neotropics","Tropical & Subtropical Grasslands, Savannas & Shrublands"
49,14231614,7,100,57.810346,16.032788,73.843134,41.777558,"02","NT_8","Neotropics","Temperate Grasslands, Savannas & Shrublands"
50,173991,29,94,48.786098,5.877046,54.663144,42.909052,"02","NT_9","Neotropics","Flooded Grasslands & Savannas"
51,3294261,17,100,41.609568,11.709065,53.318633,29.900503,"02","NT_10","Neotropics","Montane Grasslands & Shrublands"
52,1517251,19,99,66.877083,9.802167,76.67925,57.074916,"02","NT_12","Neotropics","Mediterranean Forests, Woodlands & Scrub"
53,79299783,0,100,15.055445,21.06118,36.116625,-6.005735,"02","NT_13","Neotropics","Deserts & Xeric Shrublands"
54,11000629,10,100,78.835484,11.30544,90.140924,67.530044,"02","NT_14","Neotropics","Mangroves"
55,1386714,5,100,56.349506,23.769563,80.119069,32.579943,"02","NT_98","Neotropics","Lake"
56,399192,9,100,41.742207,16.615635,58.357842,25.126572,"02","NT_99","Neotropics","Rock & Ice"
57,690956,3,100,59.449033,23.090633,82.539666,36.3584,"02","OC_1","Oceania","Tropical & Subtropical Moist Broadleaf Forests"
58,4946417,20,97,68.687432,11.81053,80.497962,56.876902,"02","OC_2","Oceania","Tropical & Subtropical Dry Broadleaf Forests"
59,2478959,13,100,42.540542,11.68615,54.226692,30.854392,"02","OC_7","Oceania","Tropical & Subtropical Grasslands, Savannas & Shrublands"
60,340291,14,96,63.388147,10.830274,74.218421,52.557873,"02","PA_1","Palearctic","Tropical & Subtropical Moist Broadleaf Forests"
61,1103938,3,100,54.036337,25.331357,79.367694,28.70498,"02","PA_4","Palearctic","Temperate Broadleaf & Mixed Forests"
62,202756,0,48,10.882879,7.696492,18.579371,3.186387,"02","PA_5","Palearctic","Temperate Conifer Forests"
63,1401083,4,100,64.095979,22.051951,86.14793,42.044028,"02","PA_6","Palearctic","Boreal Forests/Taiga"
64,151413,5,97,51.998296,21.122297,73.120593,30.875999,"02","PA_8","Palearctic","Temperate Grasslands, Savannas & Shrublands"
65,9721,27,83,51.481432,10.30703,61.788462,41.174402,"02","PA_9","Palearctic","Flooded Grasslands & Savannas"
66,31283,53,100,93.849695,7.951304,101.800999,85.898391,"02","PA_10","Palearctic","Montane Grasslands & Shrublands"
67,35354,23,100,73.812355,12.817026,86.629381,60.995329,"02","PA_11","Palearctic","Tundra"
68,18023,24,97,68.381623,14.96923,83.350853,53.412393,"02","PA_12","Palearctic","Mediterranean Forests, Woodlands & Scrub"
69,4200,19,89,42.240952,10.881292,53.122244,31.35966,"02","PA_13","Palearctic","Deserts & Xeric Shrublands"
1,4109907,1,100,71.863004,15.13472,86.997724,56.728284,"03","AT_1","Afrotropics","Tropical & Subtropical Moist Broadleaf Forests"
2,236635,6,95,56.474245,12.349387,68.823632,44.124858,"03","AT_2","Afrotropics","Tropical & Subtropical Dry Broadleaf Forests"
3,16677851,0,100,50.723169,22.308227,73.031396,28.414942,"03","AT_7","Afrotropics","Tropical & Subtropical Grasslands, Savannas & Shrublands"
4,32718,8,92,16.734947,8.553812,25.288759,8.181135,"03","AT_8","Afrotropics","Temperate Grasslands, Savannas & Shrublands"
5,547700,20,96,50.743754,13.187724,63.931478,37.55603,"03","AT_9","Afrotropics","Flooded Grasslands & Savannas"
6,1082136,3,100,53.750859,14.656756,68.407615,39.094103,"03","AT_10","Afrotropics","Montane Grasslands & Shrublands"
7,133341,9,67,30.280056,10.114381,40.394437,20.165675,"03","AT_12","Afrotropics","Mediterranean Forests, Woodlands & Scrub"
8,3035391,1,89,31.817966,15.390033,47.207999,16.427933,"03","AT_13","Afrotropics","Deserts & Xeric Shrublands"
9,90957,11,97,59.050991,22.494589,81.54558,36.556402,"03","AT_14","Afrotropics","Mangroves"
10,182688,24,94,57.489381,10.470342,67.959723,47.019039,"03","AT_98","Afrotropics","Lake"
11,15250247,5,100,53.118523,18.686106,71.804629,34.432417,"03","AN_11","Antarctic","Tundra"
12,1358169,43,100,83.746241,8.014116,91.760357,75.732125,"03","AA_1","Australasia","Tropical & Subtropical Moist Broadleaf Forests"
13,104288,49,100,78.785162,8.827429,87.612591,69.957733,"03","AA_2","Australasia","Tropical & Subtropical Dry Broadleaf Forests"
14,1060843,26,92,55.766984,10.988573,66.755557,44.778411,"03","AA_4","Australasia","Temperate Broadleaf & Mixed Forests"
15,2670428,25,94,58.597093,11.640879,70.237972,46.956214,"03","AA_7","Australasia","Tropical & Subtropical Grasslands, Savannas & Shrublands"
16,865493,22,92,38.428969,8.574558,47.003527,29.854411,"03","AA_8","Australasia","Temperate Grasslands, Savannas & Shrublands"
17,99967,37,100,65.42447,17.168975,82.593445,48.255495,"03","AA_10","Australasia","Montane Grasslands & Shrublands"
18,1630,68,94,84.387117,5.750956,90.138073,78.636161,"03","AA_11","Australasia","Tundra"
19,1113014,17,83,34.257262,7.610013,41.867275,26.647249,"03","AA_12","Australasia","Mediterranean Forests, Woodlands & Scrub"
20,4626700,13,75,34.92008,7.801687,42.721767,27.118393,"03","AA_13","Australasia","Deserts & Xeric Shrublands"
21,31421,60,94,78.290825,5.799714,84.090539,72.491111,"03","AA_14","Australasia","Mangroves"
22,6661401,4,100,56.843862,26.387416,83.231278,30.456446,"03","IM_1","IndoMalay","Tropical & Subtropical Moist Broadleaf Forests"
23,1886721,3,91,30.758132,20.22647,50.984602,10.531662,"03","IM_2","IndoMalay","Tropical & Subtropical Dry Broadleaf Forests"
24,127677,13,100,43.116693,18.15813,61.274823,24.958563,"03","IM_3","IndoMalay","Tropical & Subtropical Coniferous Forests"
25,200216,15,100,61.231305,18.971959,80.203264,42.259346,"03","IM_4","IndoMalay","Temperate Broadleaf & Mixed Forests"
26,90962,17,100,58.800642,21.289322,80.089964,37.51132,"03","IM_5","IndoMalay","Temperate Conifer Forests"
27,45388,13,78,20.795475,5.382381,26.177856,15.413094,"03","IM_7","IndoMalay","Tropical & Subtropical Grasslands, Savannas & Shrublands"
28,35520,4,69,10.673452,4.71484,15.388292,5.958612,"03","IM_9","IndoMalay","Flooded Grasslands & Savannas"
29,5088,66,99,86.165291,7.599416,93.764707,78.565875,"03","IM_10","IndoMalay","Montane Grasslands & Shrublands"
30,1396261,3,62,20.974175,9.412987,30.387162,11.561188,"03","IM_13","IndoMalay","Deserts & Xeric Shrublands"
31,142941,4,97,47.152594,25.187403,72.339997,21.965191,"03","IM_14","IndoMalay","Mangroves"
32,666166,24,90,65.21151,15.883255,81.094765,49.328255,"03","NA_2","Nearctic","Tropical & Subtropical Dry Broadleaf Forests"
33,14778591,21,100,62.611289,10.877848,73.489137,51.733441,"03","NA_3","Nearctic","Tropical & Subtropical Coniferous Forests"
34,2891794,22,100,59.254647,16.287884,75.542531,42.966763,"03","NA_4","Nearctic","Temperate Broadleaf & Mixed Forests"
35,24585235,13,100,53.046523,15.151444,68.197967,37.895079,"03","NA_5","Nearctic","Temperate Conifer Forests"
36,8286176,20,100,52.408396,12.467324,64.87572,39.941072,"03","NA_6","Nearctic","Boreal Forests/Taiga"
37,526657,7,70,34.898689,9.155388,44.054077,25.743301,"03","NA_7","Nearctic","Tropical & Subtropical Grasslands, Savannas & Shrublands"
38,4899545,11,100,56.946622,14.479261,71.425883,42.467361,"03","NA_8","Nearctic","Temperate Grasslands, Savannas & Shrublands"
39,13143262,6,100,62.150305,15.659138,77.809443,46.491167,"03","NA_11","Nearctic","Tundra"
40,3015613,15,100,52.129288,10.996742,63.12603,41.132546,"03","NA_12","Nearctic","Mediterranean Forests, Woodlands & Scrub"
41,24050452,3,100,31.550294,14.896781,46.447075,16.653513,"03","NA_13","Nearctic","Deserts & Xeric Shrublands"
42,67273,14,33,22.385489,2.476336,24.861825,19.909153,"03","NA_98","Nearctic","Lake"
43,375006,16,75,30.684256,7.022315,37.706571,23.661941,"03","NA_99","Nearctic","Rock & Ice"
44,4419312,43,93,62.831216,6.135507,68.966723,56.695709,"03","NT_1","Neotropics","Tropical & Subtropical Moist Broadleaf Forests"
45,3848773,14,100,67.485328,13.554121,81.039449,53.931207,"03","NT_2","Neotropics","Tropical & Subtropical Dry Broadleaf Forests"
46,11172313,11,100,50.273502,13.365398,63.6389,36.908104,"03","NT_3","Neotropics","Tropical & Subtropical Coniferous Forests"
47,107349,40,66,55.227622,4.831136,60.058758,50.396486,"03","NT_4","Neotropics","Temperate Broadleaf & Mixed Forests"
48,5021883,26,94,55.261698,8.350306,63.612004,46.911392,"03","NT_7","Neotropics","Tropical & Subtropical Grasslands, Savannas & Shrublands"
49,14231614,6,100,53.694807,17.707109,71.401916,35.987698,"03","NT_8","Neotropics","Temperate Grasslands, Savannas & Shrublands"
50,173991,17,91,40.717704,7.99827,48.715974,32.719434,"03","NT_9","Neotropics","Flooded Grasslands & Savannas"
51,3294261,10,99,38.157722,14.183657,52.341379,23.974065,"03","NT_10","Neotropics","Montane Grasslands & Shrublands"
52,1517251,14,99,62.245188,7.692848,69.938036,54.55234,"03","NT_12","Neotropics","Mediterranean Forests, Woodlands & Scrub"
53,79364068,0,100,40.196924,16.677742,56.874666,23.519182,"03","NT_13","Neotropics","Deserts & Xeric Shrublands"
54,11000629,13,100,77.65909,10.980315,88.639405,66.678775,"03","NT_14","Neotropics","Mangroves"
55,1386714,8,100,55.435374,22.95215,78.387524,32.483224,"03","NT_98","Neotropics","Lake"
56,399192,11,99,43.088441,16.131669,59.22011,26.956772,"03","NT_99","Neotropics","Rock & Ice"
57,690956,6,100,64.56855,21.92414,86.49269,42.64441,"03","OC_1","Oceania","Tropical & Subtropical Moist Broadleaf Forests"
58,4946417,19,97,65.686244,12.829603,78.515847,52.856641,"03","OC_2","Oceania","Tropical & Subtropical Dry Broadleaf Forests"
59,2478959,15,100,41.960869,10.01834,51.979209,31.942529,"03","OC_7","Oceania","Tropical & Subtropical Grasslands, Savannas & Shrublands"
60,340291,18,94,55.669221,9.960532,65.629753,45.708689,"03","PA_1","Palearctic","Tropical & Subtropical Moist Broadleaf Forests"
61,1103930,2,100,45.428636,28.287183,73.715819,17.141453,"03","PA_4","Palearctic","Temperate Broadleaf & Mixed Forests"
62,202914,0,54,12.637482,10.966972,23.604454,1.67051,"03","PA_5","Palearctic","Temperate Conifer Forests"
63,1400936,2,100,61.228754,22.482884,83.711638,38.74587,"03","PA_6","Palearctic","Boreal Forests/Taiga"
64,151413,9,95,51.843791,20.315594,72.159385,31.528197,"03","PA_8","Palearctic","Temperate Grasslands, Savannas & Shrublands"
65,9721,23,79,42.387512,10.351017,52.738529,32.036495,"03","PA_9","Palearctic","Flooded Grasslands & Savannas"
66,31283,58,100,94.495733,6.244057,100.73979,88.251676,"03","PA_10","Palearctic","Montane Grasslands & Shrublands"
67,35354,22,100,73.765882,12.303773,86.069655,61.462109,"03","PA_11","Palearctic","Tundra"
68,18023,32,96,71.488875,12.29095,83.779825,59.197925,"03","PA_12","Palearctic","Mediterranean Forests, Woodlands & Scrub"
69,4200,32,93,51.008571,10.380447,61.389018,40.628124,"03","PA_13","Palearctic","Deserts & Xeric Shrublands"
1,4109912,5,100,73.844081,14.458476,88.302557,59.385605,"04","AT_1","Afrotropics","Tropical & Subtropical Moist Broadleaf Forests"
2,236635,7,95,36.823331,10.578104,47.401435,26.245227,"04","AT_2","Afrotropics","Tropical & Subtropical Dry Broadleaf Forests"
3,16678174,3,100,52.502507,20.039558,72.542065,32.462949,"04","AT_7","Afrotropics","Tropical & Subtropical Grasslands, Savannas & Shrublands"
4,32718,12,94,24.867443,9.033294,33.900737,15.834149,"04","AT_8","Afrotropics","Temperate Grasslands, Savannas & Shrublands"
5,547700,12,92,50.866922,16.412675,67.279597,34.454247,"04","AT_9","Afrotropics","Flooded Grasslands & Savannas"
6,1082136,8,100,53.060584,14.427904,67.488488,38.63268,"04","AT_10","Afrotropics","Montane Grasslands & Shrublands"
7,133341,17,83,38.933351,7.618883,46.552234,31.314468,"04","AT_12","Afrotropics","Mediterranean Forests, Woodlands & Scrub"
8,3035409,4,91,29.723686,12.52728,42.250966,17.196406,"04","AT_13","Afrotropics","Deserts & Xeric Shrublands"
9,90957,13,97,59.965445,23.796566,83.762011,36.168879,"04","AT_14","Afrotropics","Mangroves"
10,182688,14,94,52.38898,13.673513,66.062493,38.715467,"04","AT_98","Afrotropics","Lake"
11,14394311,0,100,70.384559,20.153236,90.537795,50.231323,"04","AN_11","Antarctic","Tundra"
12,1358169,32,100,79.881666,9.769503,89.651169,70.112163,"04","AA_1","Australasia","Tropical & Subtropical Moist Broadleaf Forests"
13,104288,36,100,66.32557,13.196806,79.522376,53.128764,"04","AA_2","Australasia","Tropical & Subtropical Dry Broadleaf Forests"
14,1060843,25,92,56.283114,11.187951,67.471065,45.095163,"04","AA_4","Australasia","Temperate Broadleaf & Mixed Forests"
15,2670428,16,92,40.582103,12.138853,52.720956,28.44325,"04","AA_7","Australasia","Tropical & Subtropical Grasslands, Savannas & Shrublands"
16,865493,18,84,33.86287,9.048168,42.911038,24.814702,"04","AA_8","Australasia","Temperate Grasslands, Savannas & Shrublands"
17,99967,37,100,65.317465,16.380173,81.697638,48.937292,"04","AA_10","Australasia","Montane Grasslands & Shrublands"
18,1630,68,97,84.08589,6.395689,90.481579,77.690201,"04","AA_11","Australasia","Tundra"
19,1113014,21,90,41.939427,9.014306,50.953733,32.925121,"04","AA_12","Australasia","Mediterranean Forests, Woodlands & Scrub"
20,4626700,10,85,28.817372,7.3686,36.185972,21.448772,"04","AA_13","Australasia","Deserts & Xeric Shrublands"
21,31421,55,89,73.636549,5.892155,79.528704,67.744394,"04","AA_14","Australasia","Mangroves"
22,6661401,5,100,62.291372,21.720396,84.011768,40.570976,"04","IM_1","IndoMalay","Tropical & Subtropical Moist Broadleaf Forests"
23,1886721,5,98,40.30297,22.976223,63.279193,17.326747,"04","IM_2","IndoMalay","Tropical & Subtropical Dry Broadleaf Forests"
24,127677,12,100,45.064843,20.614534,65.679377,24.450309,"04","IM_3","IndoMalay","Tropical & Subtropical Coniferous Forests"
25,200216,12,100,67.771072,20.926343,88.697415,46.844729,"04","IM_4","IndoMalay","Temperate Broadleaf & Mixed Forests"
26,90962,21,100,62.594589,23.173158,85.767747,39.421431,"04","IM_5","IndoMalay","Temperate Conifer Forests"
27,45388,12,85,24.578831,10.122437,34.701268,14.456394,"04","IM_7","IndoMalay","Tropical & Subtropical Grasslands, Savannas & Shrublands"
28,35520,6,55,15.289949,6.271935,21.561884,9.018014,"04","IM_9","IndoMalay","Flooded Grasslands & Savannas"
29,5088,56,100,84.280464,9.47054,93.751004,74.809924,"04","IM_10","IndoMalay","Montane Grasslands & Shrublands"
30,1396261,4,88,25.549137,10.896606,36.445743,14.652531,"04","IM_13","IndoMalay","Deserts & Xeric Shrublands"
31,142941,5,96,55.274687,20.066491,75.341178,35.208196,"04","IM_14","IndoMalay","Mangroves"
32,666166,34,92,71.141977,10.538862,81.680839,60.603115,"04","NA_2","Nearctic","Tropical & Subtropical Dry Broadleaf Forests"
33,14778591,25,100,62.714087,7.892755,70.606842,54.821332,"04","NA_3","Nearctic","Tropical & Subtropical Coniferous Forests"
34,2891794,26,100,66.599505,12.3307,78.930205,54.268805,"04","NA_4","Nearctic","Temperate Broadleaf & Mixed Forests"
35,24585235,15,100,55.772195,12.79189,68.564085,42.980305,"04","NA_5","Nearctic","Temperate Conifer Forests"
36,8286176,22,100,54.607263,8.153394,62.760657,46.453869,"04","NA_6","Nearctic","Boreal Forests/Taiga"
37,526657,9,79,47.461965,15.473196,62.935161,31.988769,"04","NA_7","Nearctic","Tropical & Subtropical Grasslands, Savannas & Shrublands"
38,4899545,13,100,60.668716,14.181737,74.850453,46.486979,"04","NA_8","Nearctic","Temperate Grasslands, Savannas & Shrublands"
39,13143262,8,100,56.670098,14.074434,70.744532,42.595664,"04","NA_11","Nearctic","Tundra"
40,3015613,13,98,51.123264,11.945201,63.068465,39.178063,"04","NA_12","Nearctic","Mediterranean Forests, Woodlands & Scrub"
41,24050470,4,100,32.811,12.842992,45.653992,19.968008,"04","NA_13","Nearctic","Deserts & Xeric Shrublands"
42,67273,13,40,20.52061,2.68262,23.20323,17.83799,"04","NA_98","Nearctic","Lake"
43,375006,14,73,29.218557,8.939892,38.158449,20.278665,"04","NA_99","Nearctic","Rock & Ice"
44,4419312,36,91,59.97131,6.002769,65.974079,53.968541,"04","NT_1","Neotropics","Tropical & Subtropical Moist Broadleaf Forests"
45,3848773,9,100,65.493391,14.227488,79.720879,51.265903,"04","NT_2","Neotropics","Tropical & Subtropical Dry Broadleaf Forests"
46,11172313,19,100,54.154042,11.384968,65.53901,42.769074,"04","NT_3","Neotropics","Tropical & Subtropical Coniferous Forests"
47,107349,32,67,54.384782,6.255355,60.640137,48.129427,"04","NT_4","Neotropics","Temperate Broadleaf & Mixed Forests"
48,5021883,19,95,53.730721,8.693421,62.424142,45.0373,"04","NT_7","Neotropics","Tropical & Subtropical Grasslands, Savannas & Shrublands"
49,14231572,2,100,51.638431,18.265217,69.903648,33.373214,"04","NT_8","Neotropics","Temperate Grasslands, Savannas & Shrublands"
50,173991,13,82,35.463329,7.979735,43.443064,27.483594,"04","NT_9","Neotropics","Flooded Grasslands & Savannas"
51,3294261,6,100,36.105106,15.400571,51.505677,20.704535,"04","NT_10","Neotropics","Montane Grasslands & Shrublands"
52,1517251,30,91,59.364383,6.417405,65.781788,52.946978,"04","NT_12","Neotropics","Mediterranean Forests, Woodlands & Scrub"
53,72691511,0,100,61.990603,33.14447,95.135073,28.846133,"04","NT_13","Neotropics","Deserts & Xeric Shrublands"
54,11000629,15,100,74.447468,11.30668,85.754148,63.140788,"04","NT_14","Neotropics","Mangroves"
55,1386714,8,100,53.867925,22.512539,76.380464,31.355386,"04","NT_98","Neotropics","Lake"
56,399192,12,100,48.581059,19.356897,67.937956,29.224162,"04","NT_99","Neotropics","Rock & Ice"
57,690956,15,100,67.73244,18.574103,86.306543,49.158337,"04","OC_1","Oceania","Tropical & Subtropical Moist Broadleaf Forests"
58,4946417,22,98,61.121342,13.109061,74.230403,48.012281,"04","OC_2","Oceania","Tropical & Subtropical Dry Broadleaf Forests"
59,2478959,20,100,43.360908,9.780788,53.141696,33.58012,"04","OC_7","Oceania","Tropical & Subtropical Grasslands, Savannas & Shrublands"
60,340291,26,92,49.368881,7.681657,57.050538,41.687224,"04","PA_1","Palearctic","Tropical & Subtropical Moist Broadleaf Forests"
61,1103938,5,100,38.661101,25.498638,64.159739,13.162463,"04","PA_4","Palearctic","Temperate Broadleaf & Mixed Forests"
62,203089,2,67,20.333863,12.471759,32.805622,7.862104,"04","PA_5","Palearctic","Temperate Conifer Forests"
63,1401083,3,100,58.360318,23.492427,81.852745,34.867891,"04","PA_6","Palearctic","Boreal Forests/Taiga"
64,151413,10,98,54.510333,19.262509,73.772842,35.247824,"04","PA_8","Palearctic","Temperate Grasslands, Savannas & Shrublands"
65,9721,14,55,25.519802,6.115137,31.634939,19.404665,"04","PA_9","Palearctic","Flooded Grasslands & Savannas"
66,31283,60,100,93.891954,6.635651,100.527605,87.256303,"04","PA_10","Palearctic","Montane Grasslands & Shrublands"
67,35354,0,100,71.961079,13.477157,85.438236,58.483922,"04","PA_11","Palearctic","Tundra"
68,18023,26,98,68.488043,13.059333,81.547376,55.42871,"04","PA_12","Palearctic","Mediterranean Forests, Woodlands & Scrub"
69,4200,25,96,48.56619,13.4704,62.03659,35.09579,"04","PA_13","Palearctic","Deserts & Xeric Shrublands"
1,4109912,5,100,69.903578,15.098279,85.001857,54.805299,"05","AT_1","Afrotropics","Tropical & Subtropical Moist Broadleaf Forests"
2,236635,6,86,23.785235,8.735171,32.520406,15.050064,"05","AT_2","Afrotropics","Tropical & Subtropical Dry Broadleaf Forests"
3,16678173,1,100,46.38334,21.247452,67.630792,25.135888,"05","AT_7","Afrotropics","Tropical & Subtropical Grasslands, Savannas & Shrublands"
4,32716,2,97,15.29322,10.847972,26.141192,4.445248,"05","AT_8","Afrotropics","Temperate Grasslands, Savannas & Shrublands"
5,547700,4,89,46.25528,23.344915,69.600195,22.910365,"05","AT_9","Afrotropics","Flooded Grasslands & Savannas"
6,1082136,7,100,43.287107,19.028271,62.315378,24.258836,"05","AT_10","Afrotropics","Montane Grasslands & Shrublands"
7,133341,21,84,44.349195,5.490873,49.840068,38.858322,"05","AT_12","Afrotropics","Mediterranean Forests, Woodlands & Scrub"
8,3035086,0,88,22.102525,13.354813,35.457338,8.747712,"05","AT_13","Afrotropics","Deserts & Xeric Shrublands"
9,90957,7,98,61.818508,23.585237,85.403745,38.233271,"05","AT_14","Afrotropics","Mangroves"
10,182688,9,89,42.881317,15.222075,58.103392,27.659242,"05","AT_98","Afrotropics","Lake"
11,2801024,14,100,72.485063,17.497425,89.982488,54.987638,"05","AN_11","Antarctic","Tundra"
12,1358169,35,100,77.958641,10.353725,88.312366,67.604916,"05","AA_1","Australasia","Tropical & Subtropical Moist Broadleaf Forests"
13,104288,26,99,63.311685,14.024218,77.335903,49.287467,"05","AA_2","Australasia","Tropical & Subtropical Dry Broadleaf Forests"
14,1060843,26,92,55.398434,12.667243,68.065677,42.731191,"05","AA_4","Australasia","Temperate Broadleaf & Mixed Forests"
15,2670428,15,92,34.349293,12.539224,46.888517,21.810069,"05","AA_7","Australasia","Tropical & Subtropical Grasslands, Savannas & Shrublands"
16,865493,19,89,36.330499,10.198116,46.528615,26.132383,"05","AA_8","Australasia","Temperate Grasslands, Savannas & Shrublands"
17,99967,45,100,69.896826,13.18909,83.085916,56.707736,"05","AA_10","Australasia","Montane Grasslands & Shrublands"
18,1630,68,93,81.527607,5.251809,86.779416,76.275798,"05","AA_11","Australasia","Tundra"
19,1113014,25,93,49.085269,10.351989,59.437258,38.73328,"05","AA_12","Australasia","Mediterranean Forests, Woodlands & Scrub"
20,4626700,15,89,27.68877,7.028336,34.717106,20.660434,"05","AA_13","Australasia","Deserts & Xeric Shrublands"
21,31421,46,92,73.945069,7.695194,81.640263,66.249875,"05","AA_14","Australasia","Mangroves"
22,6661401,10,100,70.179245,16.754132,86.933377,53.425113,"05","IM_1","IndoMalay","Tropical & Subtropical Moist Broadleaf Forests"
23,1886721,5,99,50.91507,23.484188,74.399258,27.430882,"05","IM_2","IndoMalay","Tropical & Subtropical Dry Broadleaf Forests"
24,127677,14,100,46.6259,24.571607,71.197507,22.054293,"05","IM_3","IndoMalay","Tropical & Subtropical Coniferous Forests"
25,200216,15,100,68.167909,22.477971,90.64588,45.689938,"05","IM_4","IndoMalay","Temperate Broadleaf & Mixed Forests"
26,90962,15,100,61.854588,28.409818,90.264406,33.44477,"05","IM_5","IndoMalay","Temperate Conifer Forests"
27,45388,15,94,35.275403,12.860383,48.135786,22.41502,"05","IM_7","IndoMalay","Tropical & Subtropical Grasslands, Savannas & Shrublands"
28,35520,5,67,19.190315,11.889285,31.0796,7.30103,"05","IM_9","IndoMalay","Flooded Grasslands & Savannas"
29,5088,60,98,86.255307,7.721735,93.977042,78.533572,"05","IM_10","IndoMalay","Montane Grasslands & Shrublands"
30,1396252,2,85,26.56523,14.745177,41.310407,11.820053,"05","IM_13","IndoMalay","Deserts & Xeric Shrublands"
31,142941,6,98,70.787619,15.993868,86.781487,54.793751,"05","IM_14","IndoMalay","Mangroves"
32,666166,44,96,76.213047,6.779045,82.992092,69.434002,"05","NA_2","Nearctic","Tropical & Subtropical Dry Broadleaf Forests"
33,14778591,9,100,62.193588,9.886976,72.080564,52.306612,"05","NA_3","Nearctic","Tropical & Subtropical Coniferous Forests"
34,2891794,15,100,68.055766,12.213656,80.269422,55.84211,"05","NA_4","Nearctic","Temperate Broadleaf & Mixed Forests"
35,24585235,21,100,58.156174,10.185506,68.34168,47.970668,"05","NA_5","Nearctic","Temperate Conifer Forests"
36,8286176,14,100,50.814409,8.478841,59.29325,42.335568,"05","NA_6","Nearctic","Boreal Forests/Taiga"
37,526657,7,77,46.316075,19.102876,65.418951,27.213199,"05","NA_7","Nearctic","Tropical & Subtropical Grasslands, Savannas & Shrublands"
38,4899545,8,100,61.246546,15.543053,76.789599,45.703493,"05","NA_8","Nearctic","Temperate Grasslands, Savannas & Shrublands"
39,13143262,19,99,48.663377,11.411194,60.074571,37.252183,"05","NA_11","Nearctic","Tundra"
40,3015613,7,94,43.563345,12.011838,55.575183,31.551507,"05","NA_12","Nearctic","Mediterranean Forests, Woodlands & Scrub"
41,24050330,1,100,26.863198,13.209381,40.072579,13.653817,"05","NA_13","Nearctic","Deserts & Xeric Shrublands"
42,67273,3,29,11.158489,2.487483,13.645972,8.671006,"05","NA_98","Nearctic","Lake"
43,375006,8,81,31.602857,12.944716,44.547573,18.658141,"05","NA_99","Nearctic","Rock & Ice"
44,4419312,37,86,64.312905,4.995981,69.308886,59.316924,"05","NT_1","Neotropics","Tropical & Subtropical Moist Broadleaf Forests"
45,3848773,5,100,65.596317,13.624604,79.220921,51.971713,"05","NT_2","Neotropics","Tropical & Subtropical Dry Broadleaf Forests"
46,11172313,22,100,57.981746,11.172488,69.154234,46.809258,"05","NT_3","Neotropics","Tropical & Subtropical Coniferous Forests"
47,107349,23,69,53.457182,7.456236,60.913418,46.000946,"05","NT_4","Neotropics","Temperate Broadleaf & Mixed Forests"
48,5021883,12,85,55.931401,9.840295,65.771696,46.091106,"05","NT_7","Neotropics","Tropical & Subtropical Grasslands, Savannas & Shrublands"
49,14231426,1,100,44.515268,17.738718,62.253986,26.77655,"05","NT_8","Neotropics","Temperate Grasslands, Savannas & Shrublands"
50,173991,7,74,23.351564,7.109243,30.460807,16.242321,"05","NT_9","Neotropics","Flooded Grasslands & Savannas"
51,3294261,4,96,33.97766,15.770232,49.747892,18.207428,"05","NT_10","Neotropics","Montane Grasslands & Shrublands"
52,1517251,26,91,51.983689,11.468053,63.451742,40.515636,"05","NT_12","Neotropics","Mediterranean Forests, Woodlands & Scrub"
53,8876465,1,100,28.464609,23.777496,52.242105,4.687113,"05","NT_13","Neotropics","Deserts & Xeric Shrublands"
54,11000629,12,100,70.400796,11.873561,82.274357,58.527235,"05","NT_14","Neotropics","Mangroves"
55,1386714,7,100,54.393168,21.605745,75.998913,32.787423,"05","NT_98","Neotropics","Lake"
56,399192,10,100,62.546995,18.844419,81.391414,43.702576,"05","NT_99","Neotropics","Rock & Ice"
57,690956,32,100,72.740476,11.648169,84.388645,61.092307,"05","OC_1","Oceania","Tropical & Subtropical Moist Broadleaf Forests"
58,4946417,24,98,54.993749,12.761494,67.755243,42.232255,"05","OC_2","Oceania","Tropical & Subtropical Dry Broadleaf Forests"
59,2478959,32,100,53.98323,6.574445,60.557675,47.408785,"05","OC_7","Oceania","Tropical & Subtropical Grasslands, Savannas & Shrublands"
60,340291,30,93,49.766373,7.484287,57.25066,42.282086,"05","PA_1","Palearctic","Tropical & Subtropical Moist Broadleaf Forests"
61,1103938,6,100,36.182309,23.314731,59.49704,12.867578,"05","PA_4","Palearctic","Temperate Broadleaf & Mixed Forests"
62,203097,7,86,33.9687,16.79317,50.76187,17.17553,"05","PA_5","Palearctic","Temperate Conifer Forests"
63,1401074,2,99,54.022725,24.511372,78.534097,29.511353,"05","PA_6","Palearctic","Boreal Forests/Taiga"
64,151413,4,98,59.099034,18.393338,77.492372,40.705696,"05","PA_8","Palearctic","Temperate Grasslands, Savannas & Shrublands"
65,9721,13,35,19.62113,3.611505,23.232635,16.009625,"05","PA_9","Palearctic","Flooded Grasslands & Savannas"
66,31283,64,100,93.493399,6.993383,100.486782,86.500016,"05","PA_10","Palearctic","Montane Grasslands & Shrublands"
67,35354,18,100,69.353538,13.988976,83.342514,55.364562,"05","PA_11","Palearctic","Tundra"
68,18023,16,98,63.809244,13.917198,77.726442,49.892046,"05","PA_12","Palearctic","Mediterranean Forests, Woodlands & Scrub"
69,4200,19,96,42.599048,13.239192,55.83824,29.359856,"05","PA_13","Palearctic","Deserts & Xeric Shrublands"
1,4109912,4,100,70.131367,16.914154,87.045521,53.217213,"06","AT_1","Afrotropics","Tropical & Subtropical Moist Broadleaf Forests"
2,236635,3,84,17.46693,10.587843,28.054773,6.879087,"06","AT_2","Afrotropics","Tropical & Subtropical Dry Broadleaf Forests"
3,16677170,0,100,44.420731,24.685554,69.106285,19.735177,"06","AT_7","Afrotropics","Tropical & Subtropical Grasslands, Savannas & Shrublands"
4,32718,6,96,19.623174,10.087221,29.710395,9.535953,"06","AT_8","Afrotropics","Temperate Grasslands, Savannas & Shrublands"
5,547675,1,91,44.378827,25.355079,69.733906,19.023748,"06","AT_9","Afrotropics","Flooded Grasslands & Savannas"
6,1082118,1,100,40.750379,25.263656,66.014035,15.486723,"06","AT_10","Afrotropics","Montane Grasslands & Shrublands"
7,133341,23,81,42.610847,5.269842,47.880689,37.341005,"06","AT_12","Afrotropics","Mediterranean Forests, Woodlands & Scrub"
8,3034374,0,95,19.978831,14.877757,34.856588,5.101074,"06","AT_13","Afrotropics","Deserts & Xeric Shrublands"
9,90957,3,98,68.730488,25.193599,93.924087,43.536889,"06","AT_14","Afrotropics","Mangroves"
10,182688,4,79,32.452389,13.639221,46.09161,18.813168,"06","AT_98","Afrotropics","Lake"
11,29822,59,100,88.994802,9.392996,98.387798,79.601806,"06","AN_11","Antarctic","Tundra"
12,1358169,29,100,77.36101,11.292757,88.653767,66.068253,"06","AA_1","Australasia","Tropical & Subtropical Moist Broadleaf Forests"
13,104288,15,99,56.860137,15.925474,72.785611,40.934663,"06","AA_2","Australasia","Tropical & Subtropical Dry Broadleaf Forests"
14,1060843,33,99,60.130863,8.164574,68.295437,51.966289,"06","AA_4","Australasia","Temperate Broadleaf & Mixed Forests"
15,2670428,7,93,25.686477,15.09225,40.778727,10.594227,"06","AA_7","Australasia","Tropical & Subtropical Grasslands, Savannas & Shrublands"
16,865493,23,96,45.115271,9.197525,54.312796,35.917746,"06","AA_8","Australasia","Temperate Grasslands, Savannas & Shrublands"
17,99967,36,100,71.783268,14.206467,85.989735,57.576801,"06","AA_10","Australasia","Montane Grasslands & Shrublands"
18,1630,68,95,82.451534,5.950671,88.402205,76.500863,"06","AA_11","Australasia","Tundra"
19,1113014,29,89,53.168675,7.491654,60.660329,45.677021,"06","AA_12","Australasia","Mediterranean Forests, Woodlands & Scrub"
20,4626700,7,91,27.784887,9.840791,37.625678,17.944096,"06","AA_13","Australasia","Deserts & Xeric Shrublands"
21,31421,49,95,76.84905,7.810908,84.659958,69.038142,"06","AA_14","Australasia","Mangroves"
22,6661401,24,100,80.757217,10.257932,91.015149,70.499285,"06","IM_1","IndoMalay","Tropical & Subtropical Moist Broadleaf Forests"
23,1886721,41,100,78.115154,9.770928,87.886082,68.344226,"06","IM_2","IndoMalay","Tropical & Subtropical Dry Broadleaf Forests"
24,127677,10,100,60.893176,22.554103,83.447279,38.339073,"06","IM_3","IndoMalay","Tropical & Subtropical Coniferous Forests"
25,200216,14,100,76.600252,21.838827,98.439079,54.761425,"06","IM_4","IndoMalay","Temperate Broadleaf & Mixed Forests"
26,90962,11,100,68.851169,28.447803,97.298972,40.403366,"06","IM_5","IndoMalay","Temperate Conifer Forests"
27,45388,43,99,65.576232,11.278412,76.854644,54.29782,"06","IM_7","IndoMalay","Tropical & Subtropical Grasslands, Savannas & Shrublands"
28,35520,40,81,58.127337,7.226533,65.35387,50.900804,"06","IM_9","IndoMalay","Flooded Grasslands & Savannas"
29,5088,61,98,83.440252,7.353281,90.793533,76.086971,"06","IM_10","IndoMalay","Montane Grasslands & Shrublands"
30,1396261,12,96,55.537056,21.05534,76.592396,34.481716,"06","IM_13","IndoMalay","Deserts & Xeric Shrublands"
31,142941,20,100,79.414381,11.571754,90.986135,67.842627,"06","IM_14","IndoMalay","Mangroves"
32,666166,61,100,84.21006,4.919942,89.130002,79.290118,"06","NA_2","Nearctic","Tropical & Subtropical Dry Broadleaf Forests"
33,14778498,1,100,60.723744,14.017956,74.7417,46.705788,"06","NA_3","Nearctic","Tropical & Subtropical Coniferous Forests"
34,2891794,5,100,64.923918,15.941781,80.865699,48.982137,"06","NA_4","Nearctic","Temperate Broadleaf & Mixed Forests"
35,24585235,23,100,53.523734,9.714603,63.238337,43.809131,"06","NA_5","Nearctic","Temperate Conifer Forests"
36,8286070,0,99,49.378321,12.253066,61.631387,37.125255,"06","NA_6","Nearctic","Boreal Forests/Taiga"
37,526458,0,74,39.985366,24.085805,64.071171,15.899561,"06","NA_7","Nearctic","Tropical & Subtropical Grasslands, Savannas & Shrublands"
38,4899545,3,100,60.762907,19.039385,79.802292,41.723522,"06","NA_8","Nearctic","Temperate Grasslands, Savannas & Shrublands"
39,13143262,13,100,42.888806,13.007365,55.896171,29.881441,"06","NA_11","Nearctic","Tundra"
40,3015522,0,93,28.800217,12.716702,41.516919,16.083515,"06","NA_12","Nearctic","Mediterranean Forests, Woodlands & Scrub"
41,24042631,0,100,21.359164,15.650688,37.009852,5.708476,"06","NA_13","Nearctic","Deserts & Xeric Shrublands"
42,67273,5,32,14.92355,3.767175,18.690725,11.156375,"06","NA_98","Nearctic","Lake"
43,375006,10,95,48.089999,14.346716,62.436715,33.743283,"06","NA_99","Nearctic","Rock & Ice"
44,4419312,34,87,62.149922,6.315795,68.465717,55.834127,"06","NT_1","Neotropics","Tropical & Subtropical Moist Broadleaf Forests"
45,3848773,5,100,61.753075,15.653341,77.406416,46.099734,"06","NT_2","Neotropics","Tropical & Subtropical Dry Broadleaf Forests"
46,11172313,15,100,57.441987,12.744534,70.186521,44.697453,"06","NT_3","Neotropics","Tropical & Subtropical Coniferous Forests"
47,107349,20,83,54.625222,9.758399,64.383621,44.866823,"06","NT_4","Neotropics","Temperate Broadleaf & Mixed Forests"
48,5021883,4,75,50.343949,11.722157,62.066106,38.621792,"06","NT_7","Neotropics","Tropical & Subtropical Grasslands, Savannas & Shrublands"
49,14231614,5,100,40.273947,16.077553,56.3515,24.196394,"06","NT_8","Neotropics","Temperate Grasslands, Savannas & Shrublands"
50,173991,4,86,15.045313,7.276483,22.321796,7.76883,"06","NT_9","Neotropics","Flooded Grasslands & Savannas"
51,3294229,2,96,29.3475,13.937244,43.284744,15.410256,"06","NT_10","Neotropics","Montane Grasslands & Shrublands"
52,1517251,6,90,41.505966,13.796808,55.302774,27.709158,"06","NT_12","Neotropics","Mediterranean Forests, Woodlands & Scrub"
53,8274427,2,100,21.827624,18.149411,39.977035,3.678213,"06","NT_13","Neotropics","Deserts & Xeric Shrublands"
54,11000629,9,100,62.090946,15.664111,77.755057,46.426835,"06","NT_14","Neotropics","Mangroves"
55,1386714,6,100,54.957787,20.428131,75.385918,34.529656,"06","NT_98","Neotropics","Lake"
56,399192,10,100,75.922559,12.190413,88.112972,63.732146,"06","NT_99","Neotropics","Rock & Ice"
57,690956,38,100,78.475414,9.318327,87.793741,69.157087,"06","OC_1","Oceania","Tropical & Subtropical Moist Broadleaf Forests"
58,4946417,9,98,47.383649,16.486617,63.870266,30.897032,"06","OC_2","Oceania","Tropical & Subtropical Dry Broadleaf Forests"
59,2478959,25,100,57.816933,8.510558,66.327491,49.306375,"06","OC_7","Oceania","Tropical & Subtropical Grasslands, Savannas & Shrublands"
60,340291,20,96,45.967516,13.448202,59.415718,32.519314,"06","PA_1","Palearctic","Tropical & Subtropical Moist Broadleaf Forests"
61,1103938,3,100,34.852366,26.775311,61.627677,8.077055,"06","PA_4","Palearctic","Temperate Broadleaf & Mixed Forests"
62,203097,7,99,40.004658,19.965794,59.970452,20.038864,"06","PA_5","Palearctic","Temperate Conifer Forests"
63,1400990,0,99,48.955165,23.839646,72.794811,25.115519,"06","PA_6","Palearctic","Boreal Forests/Taiga"
64,151413,4,99,62.419852,16.342798,78.76265,46.077054,"06","PA_8","Palearctic","Temperate Grasslands, Savannas & Shrublands"
65,9721,7,26,12.738504,2.153647,14.892151,10.584857,"06","PA_9","Palearctic","Flooded Grasslands & Savannas"
66,31283,69,100,93.743918,6.473855,100.217773,87.270063,"06","PA_10","Palearctic","Montane Grasslands & Shrublands"
67,35354,0,100,68.393166,15.044836,83.438002,53.34833,"06","PA_11","Palearctic","Tundra"
68,18023,12,99,61.544693,15.89756,77.442253,45.647133,"06","PA_12","Palearctic","Mediterranean Forests, Woodlands & Scrub"
69,4200,14,96,39.347381,17.432127,56.779508,21.915254,"06","PA_13","Palearctic","Deserts & Xeric Shrublands"
1,4109912,5,100,71.908066,17.666497,89.574563,54.241569,"07","AT_1","Afrotropics","Tropical & Subtropical Moist Broadleaf Forests"
2,236608,2,89,18.202144,11.699155,29.901299,6.502989,"07","AT_2","Afrotropics","Tropical & Subtropical Dry Broadleaf Forests"
3,16676189,0,100,47.491004,27.239342,74.730346,20.251662,"07","AT_7","Afrotropics","Tropical & Subtropical Grasslands, Savannas & Shrublands"
4,32718,14,96,31.090745,9.024007,40.114752,22.066738,"07","AT_8","Afrotropics","Temperate Grasslands, Savannas & Shrublands"
5,547675,0,85,44.538964,27.563363,72.102327,16.975601,"07","AT_9","Afrotropics","Flooded Grasslands & Savannas"
6,1082060,0,100,41.040553,29.535988,70.576541,11.504565,"07","AT_10","Afrotropics","Montane Grasslands & Shrublands"
7,133341,17,79,38.969859,6.003515,44.973374,32.966344,"07","AT_12","Afrotropics","Mediterranean Forests, Woodlands & Scrub"
8,3033571,0,98,20.615341,17.891682,38.507023,2.723659,"07","AT_13","Afrotropics","Deserts & Xeric Shrublands"
9,90957,4,100,71.322295,26.535212,97.857507,44.787083,"07","AT_14","Afrotropics","Mangroves"
10,182673,2,80,29.023222,15.386104,44.409326,13.637118,"07","AT_98","Afrotropics","Lake"
11,719819,26,100,77.012461,11.381585,88.394046,65.630876,"07","AN_11","Antarctic","Tundra"
12,1358169,24,100,80.169285,11.451984,91.621269,68.717301,"07","AA_1","Australasia","Tropical & Subtropical Moist Broadleaf Forests"
13,104288,13,99,54.495522,17.376675,71.872197,37.118847,"07","AA_2","Australasia","Tropical & Subtropical Dry Broadleaf Forests"
14,1060843,26,100,58.167648,11.819839,69.987487,46.347809,"07","AA_4","Australasia","Temperate Broadleaf & Mixed Forests"
15,2670428,3,93,19.470803,15.434108,34.904911,4.036695,"07","AA_7","Australasia","Tropical & Subtropical Grasslands, Savannas & Shrublands"
16,865493,13,100,38.678293,13.757,52.435293,24.921293,"07","AA_8","Australasia","Temperate Grasslands, Savannas & Shrublands"
17,99967,40,100,73.42281,14.739503,88.162313,58.683307,"07","AA_10","Australasia","Montane Grasslands & Shrublands"
18,1630,66,95,81.81411,5.793069,87.607179,76.021041,"07","AA_11","Australasia","Tundra"
19,1113014,27,90,53.770728,8.961239,62.731967,44.809489,"07","AA_12","Australasia","Mediterranean Forests, Woodlands & Scrub"
20,4626700,4,90,22.125255,10.905085,33.03034,11.22017,"07","AA_13","Australasia","Deserts & Xeric Shrublands"
21,31421,45,96,79.648897,8.840381,88.489278,70.808516,"07","AA_14","Australasia","Mangroves"
22,6661401,15,100,83.977795,10.515687,94.493482,73.462108,"07","IM_1","IndoMalay","Tropical & Subtropical Moist Broadleaf Forests"
23,1886721,57,100,90.267486,5.790946,96.058432,84.47654,"07","IM_2","IndoMalay","Tropical & Subtropical Dry Broadleaf Forests"
24,127677,17,100,78.440769,18.454582,96.895351,59.986187,"07","IM_3","IndoMalay","Tropical & Subtropical Coniferous Forests"
25,200216,17,100,83.231925,17.486509,100.718434,65.745416,"07","IM_4","IndoMalay","Temperate Broadleaf & Mixed Forests"
26,90962,14,100,77.729997,24.300909,102.030906,53.429088,"07","IM_5","IndoMalay","Temperate Conifer Forests"
27,45388,67,100,84.018485,4.618186,88.636671,79.400299,"07","IM_7","IndoMalay","Tropical & Subtropical Grasslands, Savannas & Shrublands"
28,35520,71,97,86.558925,4.719786,91.278711,81.839139,"07","IM_9","IndoMalay","Flooded Grasslands & Savannas"
29,5088,67,98,86.795401,5.693329,92.48873,81.102072,"07","IM_10","IndoMalay","Montane Grasslands & Shrublands"
30,1396261,24,100,78.189294,15.710543,93.899837,62.478751,"07","IM_13","IndoMalay","Deserts & Xeric Shrublands"
31,142941,36,100,83.676545,10.388417,94.064962,73.288128,"07","IM_14","IndoMalay","Mangroves"
32,666166,61,100,84.004104,5.975922,89.980026,78.028182,"07","NA_2","Nearctic","Tropical & Subtropical Dry Broadleaf Forests"
33,14778333,1,100,59.831478,16.551094,76.382572,43.280384,"07","NA_3","Nearctic","Tropical & Subtropical Coniferous Forests"
34,2891794,2,100,64.220884,17.683384,81.904268,46.5375,"07","NA_4","Nearctic","Temperate Broadleaf & Mixed Forests"
35,24585235,23,99,52.234577,8.728298,60.962875,43.506279,"07","NA_5","Nearctic","Temperate Conifer Forests"
36,8285359,0,95,48.763544,14.472903,63.236447,34.290641,"07","NA_6","Nearctic","Boreal Forests/Taiga"
37,526542,0,84,42.972927,28.337884,71.310811,14.635043,"07","NA_7","Nearctic","Tropical & Subtropical Grasslands, Savannas & Shrublands"
38,4899353,1,100,62.342143,19.851206,82.193349,42.490937,"07","NA_8","Nearctic","Temperate Grasslands, Savannas & Shrublands"
39,13143262,10,100,44.037947,11.924435,55.962382,32.113512,"07","NA_11","Nearctic","Tundra"
40,3014243,0,89,18.239085,11.328252,29.567337,6.910833,"07","NA_12","Nearctic","Mediterranean Forests, Woodlands & Scrub"
41,24030176,0,100,20.134606,17.026814,37.16142,3.107792,"07","NA_13","Nearctic","Deserts & Xeric Shrublands"
42,67273,24,72,45.284066,8.36023,53.644296,36.923836,"07","NA_98","Nearctic","Lake"
43,375006,28,100,69.6414,10.741272,80.382672,58.900128,"07","NA_99","Nearctic","Rock & Ice"
44,4419312,15,92,60.310886,7.217637,67.528523,53.093249,"07","NT_1","Neotropics","Tropical & Subtropical Moist Broadleaf Forests"
45,3848772,3,100,53.191336,18.943878,72.135214,34.247458,"07","NT_2","Neotropics","Tropical & Subtropical Dry Broadleaf Forests"
46,11172313,26,100,59.986383,10.05188,70.038263,49.934503,"07","NT_3","Neotropics","Tropical & Subtropical Coniferous Forests"
47,107349,33,91,64.213118,8.711983,72.925101,55.501135,"07","NT_4","Neotropics","Temperate Broadleaf & Mixed Forests"
48,5021797,2,72,40.780305,10.094109,50.874414,30.686196,"07","NT_7","Neotropics","Tropical & Subtropical Grasslands, Savannas & Shrublands"
49,14231614,9,100,45.044326,15.703752,60.748078,29.340574,"07","NT_8","Neotropics","Temperate Grasslands, Savannas & Shrublands"
50,173958,2,85,12.782367,10.075541,22.857908,2.706826,"07","NT_9","Neotropics","Flooded Grasslands & Savannas"
51,3294261,6,95,37.928779,16.013386,53.942165,21.915393,"07","NT_10","Neotropics","Montane Grasslands & Shrublands"
52,1517250,2,91,37.286855,11.186111,48.472966,26.100744,"07","NT_12","Neotropics","Mediterranean Forests, Woodlands & Scrub"
53,8274670,5,100,24.388285,16.553084,40.941369,7.835201,"07","NT_13","Neotropics","Deserts & Xeric Shrublands"
54,11000629,7,100,57.793482,18.228328,76.02181,39.565154,"07","NT_14","Neotropics","Mangroves"
55,1386714,8,100,53.963547,19.993733,73.95728,33.969814,"07","NT_98","Neotropics","Lake"
56,399192,31,100,77.568473,10.963578,88.532051,66.604895,"07","NT_99","Neotropics","Rock & Ice"
57,690956,33,100,75.160965,10.891366,86.052331,64.269599,"07","OC_1","Oceania","Tropical & Subtropical Moist Broadleaf Forests"
58,4946417,5,98,39.881481,17.077538,56.959019,22.803943,"07","OC_2","Oceania","Tropical & Subtropical Dry Broadleaf Forests"
59,2478959,21,100,54.287449,9.923324,64.210773,44.364125,"07","OC_7","Oceania","Tropical & Subtropical Grasslands, Savannas & Shrublands"
60,340291,16,94,40.461329,13.627119,54.088448,26.83421,"07","PA_1","Palearctic","Tropical & Subtropical Moist Broadleaf Forests"
61,1103938,5,100,34.257446,25.604682,59.862128,8.652764,"07","PA_4","Palearctic","Temperate Broadleaf & Mixed Forests"
62,203097,5,100,35.277784,19.641265,54.919049,15.636519,"07","PA_5","Palearctic","Temperate Conifer Forests"
63,1401057,1,100,44.43905,22.990767,67.429817,21.448283,"07","PA_6","Palearctic","Boreal Forests/Taiga"
64,151413,17,99,60.190202,14.725482,74.915684,45.46472,"07","PA_8","Palearctic","Temperate Grasslands, Savannas & Shrublands"
65,9721,10,25,15.170456,2.283519,17.453975,12.886937,"07","PA_9","Palearctic","Flooded Grasslands & Savannas"
66,31283,62,100,92.638398,8.390948,101.029346,84.24745,"07","PA_10","Palearctic","Montane Grasslands & Shrublands"
67,35354,4,100,66.717825,16.045419,82.763244,50.672406,"07","PA_11","Palearctic","Tundra"
68,18023,11,98,59.518282,15.995584,75.513866,43.522698,"07","PA_12","Palearctic","Mediterranean Forests, Woodlands & Scrub"
69,4200,11,95,39.940714,16.424619,56.365333,23.516095,"07","PA_13","Palearctic","Deserts & Xeric Shrublands"
1,4109912,5,100,75.126899,18.749159,93.876058,56.37774,"08","AT_1","Afrotropics","Tropical & Subtropical Moist Broadleaf Forests"
2,236635,3,93,20.904393,13.797518,34.701911,7.106875,"08","AT_2","Afrotropics","Tropical & Subtropical Dry Broadleaf Forests"
3,16675791,0,100,51.478693,27.914506,79.393199,23.564187,"08","AT_7","Afrotropics","Tropical & Subtropical Grasslands, Savannas & Shrublands"
4,32718,11,97,29.724464,10.114186,39.83865,19.610278,"08","AT_8","Afrotropics","Temperate Grasslands, Savannas & Shrublands"
5,547601,1,89,44.925796,29.121961,74.047757,15.803835,"08","AT_9","Afrotropics","Flooded Grasslands & Savannas"
6,1082127,2,100,43.662249,27.832763,71.495012,15.829486,"08","AT_10","Afrotropics","Montane Grasslands & Shrublands"
7,133341,24,88,42.760044,6.850561,49.610605,35.909483,"08","AT_12","Afrotropics","Mediterranean Forests, Woodlands & Scrub"
8,3034057,0,99,21.391987,17.552375,38.944362,3.839612,"08","AT_13","Afrotropics","Deserts & Xeric Shrublands"
9,90957,2,100,71.475181,28.967002,100.442183,42.508179,"08","AT_14","Afrotropics","Mangroves"
10,182688,3,85,35.947605,18.586722,54.534327,17.360883,"08","AT_98","Afrotropics","Lake"
11,9505664,19,100,75.329989,13.516723,88.846712,61.813266,"08","AN_11","Antarctic","Tundra"
12,1358169,17,100,77.768133,13.524105,91.292238,64.244028,"08","AA_1","Australasia","Tropical & Subtropical Moist Broadleaf Forests"
13,104288,7,100,45.703849,18.915478,64.619327,26.788371,"08","AA_2","Australasia","Tropical & Subtropical Dry Broadleaf Forests"
14,1060843,18,100,56.236559,14.270275,70.506834,41.966284,"08","AA_4","Australasia","Temperate Broadleaf & Mixed Forests"
15,2670261,1,94,16.57282,13.35413,29.92695,3.21869,"08","AA_7","Australasia","Tropical & Subtropical Grasslands, Savannas & Shrublands"
16,865493,8,99,33.619208,14.82566,48.444868,18.793548,"08","AA_8","Australasia","Temperate Grasslands, Savannas & Shrublands"
17,99967,40,100,73.549511,13.206563,86.756074,60.342948,"08","AA_10","Australasia","Montane Grasslands & Shrublands"
18,1630,67,95,82.368098,4.949167,87.317265,77.418931,"08","AA_11","Australasia","Tundra"
19,1113014,19,93,49.652694,11.275104,60.927798,38.37759,"08","AA_12","Australasia","Mediterranean Forests, Woodlands & Scrub"
20,4626638,2,92,15.204933,9.371193,24.576126,5.83374,"08","AA_13","Australasia","Deserts & Xeric Shrublands"
21,31421,35,95,77.521976,10.76602,88.287996,66.755956,"08","AA_14","Australasia","Mangroves"
22,6661401,9,100,82.044699,11.000416,93.045115,71.044283,"08","IM_1","IndoMalay","Tropical & Subtropical Moist Broadleaf Forests"
23,1886721,52,100,90.167852,5.093069,95.260921,85.074783,"08","IM_2","IndoMalay","Tropical & Subtropical Dry Broadleaf Forests"
24,127677,25,100,79.889526,15.315252,95.204778,64.574274,"08","IM_3","IndoMalay","Tropical & Subtropical Coniferous Forests"
25,200216,28,100,81.349438,15.418339,96.767777,65.931099,"08","IM_4","IndoMalay","Temperate Broadleaf & Mixed Forests"
26,90962,20,100,78.756811,21.636638,100.393449,57.120173,"08","IM_5","IndoMalay","Temperate Conifer Forests"
27,45388,64,100,77.268309,5.355139,82.623448,71.91317,"08","IM_7","IndoMalay","Tropical & Subtropical Grasslands, Savannas & Shrublands"
28,35520,67,98,84.387416,6.013901,90.401317,78.373515,"08","IM_9","IndoMalay","Flooded Grasslands & Savannas"
29,5088,63,98,85.372642,6.498907,91.871549,78.873735,"08","IM_10","IndoMalay","Montane Grasslands & Shrublands"
30,1396261,29,100,77.690077,15.204582,92.894659,62.485495,"08","IM_13","IndoMalay","Deserts & Xeric Shrublands"
31,142941,32,100,82.152455,12.528862,94.681317,69.623593,"08","IM_14","IndoMalay","Mangroves"
32,666166,55,100,78.514737,7.086604,85.601341,71.428133,"08","NA_2","Nearctic","Tropical & Subtropical Dry Broadleaf Forests"
33,14778275,0,100,58.315558,15.952948,74.268506,42.36261,"08","NA_3","Nearctic","Tropical & Subtropical Coniferous Forests"
34,2891792,2,100,60.895239,17.729914,78.625153,43.165325,"08","NA_4","Nearctic","Temperate Broadleaf & Mixed Forests"
35,24585235,36,99,62.85714,6.052802,68.909942,56.804338,"08","NA_5","Nearctic","Temperate Conifer Forests"
36,8285779,0,93,43.882676,14.270394,58.15307,29.612282,"08","NA_6","Nearctic","Boreal Forests/Taiga"
37,526426,0,83,39.217166,25.711336,64.928502,13.50583,"08","NA_7","Nearctic","Tropical & Subtropical Grasslands, Savannas & Shrublands"
38,4899359,0,100,59.434712,19.390093,78.824805,40.044619,"08","NA_8","Nearctic","Temperate Grasslands, Savannas & Shrublands"
39,13143262,22,100,59.340925,10.08186,69.422785,49.259065,"08","NA_11","Nearctic","Tundra"
40,3015171,0,87,21.287704,11.351531,32.639235,9.936173,"08","NA_12","Nearctic","Mediterranean Forests, Woodlands & Scrub"
41,24021465,0,99,18.131031,14.218913,32.349944,3.912118,"08","NA_13","Nearctic","Deserts & Xeric Shrublands"
42,67273,17,79,42.298901,12.45607,54.754971,29.842831,"08","NA_98","Nearctic","Lake"
43,375006,21,99,63.019034,11.883763,74.902797,51.135271,"08","NA_99","Nearctic","Rock & Ice"
44,4419312,19,92,57.940276,6.389113,64.329389,51.551163,"08","NT_1","Neotropics","Tropical & Subtropical Moist Broadleaf Forests"
45,3848773,3,100,52.825662,16.807197,69.632859,36.018465,"08","NT_2","Neotropics","Tropical & Subtropical Dry Broadleaf Forests"
46,11172313,36,100,63.40393,8.177901,71.581831,55.226029,"08","NT_3","Neotropics","Tropical & Subtropical Coniferous Forests"
47,107349,28,85,58.697985,9.135635,67.83362,49.56235,"08","NT_4","Neotropics","Temperate Broadleaf & Mixed Forests"
48,5021837,2,67,41.939119,9.473899,51.413018,32.46522,"08","NT_7","Neotropics","Tropical & Subtropical Grasslands, Savannas & Shrublands"
49,14231614,11,100,55.633837,14.007864,69.641701,41.625973,"08","NT_8","Neotropics","Temperate Grasslands, Savannas & Shrublands"
50,173969,1,78,10.826498,8.778253,19.604751,2.048245,"08","NT_9","Neotropics","Flooded Grasslands & Savannas"
51,3294261,5,94,35.236755,14.339252,49.576007,20.897503,"08","NT_10","Neotropics","Montane Grasslands & Shrublands"
52,1517245,1,94,36.014022,13.182831,49.196853,22.831191,"08","NT_12","Neotropics","Mediterranean Forests, Woodlands & Scrub"
53,25736319,10,100,54.05569,21.847333,75.903023,32.208357,"08","NT_13","Neotropics","Deserts & Xeric Shrublands"
54,11000629,6,100,55.860821,18.351866,74.212687,37.508955,"08","NT_14","Neotropics","Mangroves"
55,1386714,7,100,52.108968,20.3539,72.462868,31.755068,"08","NT_98","Neotropics","Lake"
56,399192,33,100,76.321547,11.452716,87.774263,64.868831,"08","NT_99","Neotropics","Rock & Ice"
57,690956,34,100,76.373462,10.793949,87.167411,65.579513,"08","OC_1","Oceania","Tropical & Subtropical Moist Broadleaf Forests"
58,4946417,6,99,36.685356,16.509537,53.194893,20.175819,"08","OC_2","Oceania","Tropical & Subtropical Dry Broadleaf Forests"
59,2478959,21,100,54.740497,10.461756,65.202253,44.278741,"08","OC_7","Oceania","Tropical & Subtropical Grasslands, Savannas & Shrublands"
60,340291,16,92,37.883726,14.716934,52.60066,23.166792,"08","PA_1","Palearctic","Tropical & Subtropical Moist Broadleaf Forests"
61,1103938,4,100,33.197831,25.973025,59.170856,7.224806,"08","PA_4","Palearctic","Temperate Broadleaf & Mixed Forests"
62,203097,4,99,34.431838,19.196219,53.628057,15.235619,"08","PA_5","Palearctic","Temperate Conifer Forests"
63,1400909,0,99,39.654494,22.752428,62.406922,16.902066,"08","PA_6","Palearctic","Boreal Forests/Taiga"
64,151413,5,99,57.21236,15.805898,73.018258,41.406462,"08","PA_8","Palearctic","Temperate Grasslands, Savannas & Shrublands"
65,9721,11,29,16.052155,2.126033,18.178188,13.926122,"08","PA_9","Palearctic","Flooded Grasslands & Savannas"
66,31283,65,100,93.269539,7.537752,100.807291,85.731787,"08","PA_10","Palearctic","Montane Grasslands & Shrublands"
67,35354,10,100,67.737173,17.079432,84.816605,50.657741,"08","PA_11","Palearctic","Tundra"
68,18023,11,100,62.430949,17.496896,79.927845,44.934053,"08","PA_12","Palearctic","Mediterranean Forests, Woodlands & Scrub"
69,4200,11,97,39.530952,17.071024,56.601976,22.459928,"08","PA_13","Palearctic","Deserts & Xeric Shrublands"
1,4109912,5,100,72.618837,18.512561,91.131398,54.106276,"09","AT_1","Afrotropics","Tropical & Subtropical Moist Broadleaf Forests"
2,236635,5,91,26.104013,11.710896,37.814909,14.393117,"09","AT_2","Afrotropics","Tropical & Subtropical Dry Broadleaf Forests"
3,16678174,2,100,48.422173,22.979119,71.401292,25.443054,"09","AT_7","Afrotropics","Tropical & Subtropical Grasslands, Savannas & Shrublands"
4,32718,3,97,17.486919,11.774973,29.261892,5.711946,"09","AT_8","Afrotropics","Temperate Grasslands, Savannas & Shrublands"
5,547700,3,85,40.808041,21.893646,62.701687,18.914395,"09","AT_9","Afrotropics","Flooded Grasslands & Savannas"
6,1082136,8,100,44.833687,23.393579,68.227266,21.440108,"09","AT_10","Afrotropics","Montane Grasslands & Shrublands"
7,133341,17,84,40.326066,8.309629,48.635695,32.016437,"09","AT_12","Afrotropics","Mediterranean Forests, Woodlands & Scrub"
8,3035355,0,96,18.856564,12.425216,31.28178,6.431348,"09","AT_13","Afrotropics","Deserts & Xeric Shrublands"
9,90957,4,100,67.625977,28.570933,96.19691,39.055044,"09","AT_14","Afrotropics","Mangroves"
10,182688,7,83,43.00046,17.267626,60.268086,25.732834,"09","AT_98","Afrotropics","Lake"
11,9505664,15,100,68.150783,16.371826,84.522609,51.778957,"09","AN_11","Antarctic","Tundra"
12,1358169,12,100,77.086667,14.605304,91.691971,62.481363,"09","AA_1","Australasia","Tropical & Subtropical Moist Broadleaf Forests"
13,104288,9,97,43.771124,18.34473,62.115854,25.426394,"09","AA_2","Australasia","Tropical & Subtropical Dry Broadleaf Forests"
14,1060843,16,100,54.717601,15.641056,70.358657,39.076545,"09","AA_4","Australasia","Temperate Broadleaf & Mixed Forests"
15,2670427,2,90,21.5767,10.738118,32.314818,10.838582,"09","AA_7","Australasia","Tropical & Subtropical Grasslands, Savannas & Shrublands"
16,865493,15,98,31.348122,13.658804,45.006926,17.689318,"09","AA_8","Australasia","Temperate Grasslands, Savannas & Shrublands"
17,99967,45,100,74.625967,13.324694,87.950661,61.301273,"09","AA_10","Australasia","Montane Grasslands & Shrublands"
18,1630,66,95,84.607975,6.318947,90.926922,78.289028,"09","AA_11","Australasia","Tundra"
19,1113014,15,95,45.431383,12.27304,57.704423,33.158343,"09","AA_12","Australasia","Mediterranean Forests, Woodlands & Scrub"
20,4626694,2,85,16.666198,6.262917,22.929115,10.403281,"09","AA_13","Australasia","Deserts & Xeric Shrublands"
21,31421,40,93,75.588906,9.740933,85.329839,65.847973,"09","AA_14","Australasia","Mangroves"
22,6661401,14,100,77.585443,10.566872,88.152315,67.018571,"09","IM_1","IndoMalay","Tropical & Subtropical Moist Broadleaf Forests"
23,1886721,38,100,76.609931,9.796674,86.406605,66.813257,"09","IM_2","IndoMalay","Tropical & Subtropical Dry Broadleaf Forests"
24,127677,11,100,61.879798,22.938538,84.818336,38.94126,"09","IM_3","IndoMalay","Tropical & Subtropical Coniferous Forests"
25,200216,14,100,68.982983,20.563345,89.546328,48.419638,"09","IM_4","IndoMalay","Temperate Broadleaf & Mixed Forests"
26,90962,10,100,66.455828,27.637957,94.093785,38.817871,"09","IM_5","IndoMalay","Temperate Conifer Forests"
27,45388,39,96,60.589253,7.789638,68.378891,52.799615,"09","IM_7","IndoMalay","Tropical & Subtropical Grasslands, Savannas & Shrublands"
28,35520,29,74,50.487416,9.052727,59.540143,41.434689,"09","IM_9","IndoMalay","Flooded Grasslands & Savannas"
29,5088,69,99,88.751179,5.785719,94.536898,82.96546,"09","IM_10","IndoMalay","Montane Grasslands & Shrublands"
30,1396261,8,96,52.795426,22.450067,75.245493,30.345359,"09","IM_13","IndoMalay","Deserts & Xeric Shrublands"
31,142941,13,100,80.095123,11.73543,91.830553,68.359693,"09","IM_14","IndoMalay","Mangroves"
32,666166,54,100,76.702332,6.110716,82.813048,70.591616,"09","NA_2","Nearctic","Tropical & Subtropical Dry Broadleaf Forests"
33,14778361,0,100,59.211963,14.834036,74.045999,44.377927,"09","NA_3","Nearctic","Tropical & Subtropical Coniferous Forests"
34,2891793,2,100,58.717672,16.588528,75.3062,42.129144,"09","NA_4","Nearctic","Temperate Broadleaf & Mixed Forests"
35,24585235,35,100,68.882624,6.043833,74.926457,62.838791,"09","NA_5","Nearctic","Temperate Conifer Forests"
36,8286092,0,98,43.289503,14.193785,57.483288,29.095718,"09","NA_6","Nearctic","Boreal Forests/Taiga"
37,526475,0,76,34.194948,19.881291,54.076239,14.313657,"09","NA_7","Nearctic","Tropical & Subtropical Grasslands, Savannas & Shrublands"
38,4899385,0,100,52.702439,19.423503,72.125942,33.278936,"09","NA_8","Nearctic","Temperate Grasslands, Savannas & Shrublands"
39,13143262,26,100,68.042635,6.445103,74.487738,61.597532,"09","NA_11","Nearctic","Tundra"
40,3015595,1,89,34.837058,12.439857,47.276915,22.397201,"09","NA_12","Nearctic","Mediterranean Forests, Woodlands & Scrub"
41,24038235,0,100,15.971598,12.216125,28.187723,3.755473,"09","NA_13","Nearctic","Deserts & Xeric Shrublands"
42,67273,17,67,35.474395,9.407945,44.88234,26.06645,"09","NA_98","Nearctic","Lake"
43,375006,21,97,60.313686,13.264119,73.577805,47.049567,"09","NA_99","Nearctic","Rock & Ice"
44,4419312,27,81,55.618535,4.960601,60.579136,50.657934,"09","NT_1","Neotropics","Tropical & Subtropical Moist Broadleaf Forests"
45,3848773,7,100,53.198943,14.8822,68.081143,38.316743,"09","NT_2","Neotropics","Tropical & Subtropical Dry Broadleaf Forests"
46,11172313,43,100,65.384865,6.766547,72.151412,58.618318,"09","NT_3","Neotropics","Tropical & Subtropical Coniferous Forests"
47,107349,34,74,56.982403,6.73132,63.713723,50.251083,"09","NT_4","Neotropics","Temperate Broadleaf & Mixed Forests"
48,5021883,4,69,41.923215,8.410501,50.333716,33.512714,"09","NT_7","Neotropics","Tropical & Subtropical Grasslands, Savannas & Shrublands"
49,14231614,15,100,62.46468,14.263896,76.728576,48.200784,"09","NT_8","Neotropics","Temperate Grasslands, Savannas & Shrublands"
50,173991,4,63,12.737239,5.795704,18.532943,6.941535,"09","NT_9","Neotropics","Flooded Grasslands & Savannas"
51,3294261,5,92,33.537093,15.276146,48.813239,18.260947,"09","NT_10","Neotropics","Montane Grasslands & Shrublands"
52,1517251,5,98,42.245222,13.766705,56.011927,28.478517,"09","NT_12","Neotropics","Mediterranean Forests, Woodlands & Scrub"
53,25736319,13,100,49.688499,17.300663,66.989162,32.387836,"09","NT_13","Neotropics","Deserts & Xeric Shrublands"
54,11000629,2,100,62.931792,13.712332,76.644124,49.21946,"09","NT_14","Neotropics","Mangroves"
55,1386714,10,100,56.307448,16.990101,73.297549,39.317347,"09","NT_98","Neotropics","Lake"
56,399192,39,100,77.960165,10.988452,88.948617,66.971713,"09","NT_99","Neotropics","Rock & Ice"
57,690956,25,100,75.392251,13.330027,88.722278,62.062224,"09","OC_1","Oceania","Tropical & Subtropical Moist Broadleaf Forests"
58,4946417,10,96,46.590991,12.519876,59.110867,34.071115,"09","OC_2","Oceania","Tropical & Subtropical Dry Broadleaf Forests"
59,2478959,18,100,52.06976,10.638984,62.708744,41.430776,"09","OC_7","Oceania","Tropical & Subtropical Grasslands, Savannas & Shrublands"
60,340291,25,91,46.233453,9.648273,55.881726,36.58518,"09","PA_1","Palearctic","Tropical & Subtropical Moist Broadleaf Forests"
61,1103938,3,100,36.303194,26.252216,62.55541,10.050978,"09","PA_4","Palearctic","Temperate Broadleaf & Mixed Forests"
62,203014,0,98,27.231482,17.571582,44.803064,9.6599,"09","PA_5","Palearctic","Temperate Conifer Forests"
63,1400867,1,100,36.957482,20.90916,57.866642,16.048322,"09","PA_6","Palearctic","Boreal Forests/Taiga"
64,151413,4,100,57.160072,16.944046,74.104118,40.216026,"09","PA_8","Palearctic","Temperate Grasslands, Savannas & Shrublands"
65,9721,9,44,17.695607,4.321259,22.016866,13.374348,"09","PA_9","Palearctic","Flooded Grasslands & Savannas"
66,31283,65,100,93.809193,6.388029,100.197222,87.421164,"09","PA_10","Palearctic","Montane Grasslands & Shrublands"
67,35354,7,100,68.824801,17.171835,85.996636,51.652966,"09","PA_11","Palearctic","Tundra"
68,18023,13,99,66.225767,16.763019,82.988786,49.462748,"09","PA_12","Palearctic","Mediterranean Forests, Woodlands & Scrub"
69,4200,14,98,45.290714,18.655512,63.946226,26.635202,"09","PA_13","Palearctic","Deserts & Xeric Shrublands"
1,4109912,2,100,70.609268,16.761701,87.370969,53.847567,"10","AT_1","Afrotropics","Tropical & Subtropical Moist Broadleaf Forests"
2,236635,8,97,40.891926,14.592792,55.484718,26.299134,"10","AT_2","Afrotropics","Tropical & Subtropical Dry Broadleaf Forests"
3,16678162,2,100,49.502057,20.19166,69.693717,29.310397,"10","AT_7","Afrotropics","Tropical & Subtropical Grasslands, Savannas & Shrublands"
4,32675,1,95,10.23241,10.942858,21.175268,-0.710448,"10","AT_8","Afrotropics","Temperate Grasslands, Savannas & Shrublands"
5,547700,12,89,46.507101,13.513791,60.020892,32.99331,"10","AT_9","Afrotropics","Flooded Grasslands & Savannas"
6,1082136,5,100,53.011263,15.839438,68.850701,37.171825,"10","AT_10","Afrotropics","Montane Grasslands & Shrublands"
7,133341,15,77,41.284549,10.322453,51.607002,30.962096,"10","AT_12","Afrotropics","Mediterranean Forests, Woodlands & Scrub"
8,3035107,0,89,23.642816,12.401073,36.043889,11.241743,"10","AT_13","Afrotropics","Deserts & Xeric Shrublands"
9,90957,8,99,63.061677,24.506688,87.568365,38.554989,"10","AT_14","Afrotropics","Mangroves"
10,182688,16,93,51.991302,17.408039,69.399341,34.583263,"10","AT_98","Afrotropics","Lake"
11,15250247,10,100,55.178764,18.295786,73.47455,36.882978,"10","AN_11","Antarctic","Tundra"
12,1358169,17,100,74.55039,13.348592,87.898982,61.201798,"10","AA_1","Australasia","Tropical & Subtropical Moist Broadleaf Forests"
13,104288,16,98,53.019897,16.795137,69.815034,36.22476,"10","AA_2","Australasia","Tropical & Subtropical Dry Broadleaf Forests"
14,1060843,21,100,56.620467,12.654418,69.274885,43.966049,"10","AA_4","Australasia","Temperate Broadleaf & Mixed Forests"
15,2670428,7,85,32.21427,10.37256,42.58683,21.84171,"10","AA_7","Australasia","Tropical & Subtropical Grasslands, Savannas & Shrublands"
16,865493,15,91,34.623922,11.246063,45.869985,23.377859,"10","AA_8","Australasia","Temperate Grasslands, Savannas & Shrublands"
17,99967,44,100,72.880521,13.512899,86.39342,59.367622,"10","AA_10","Australasia","Montane Grasslands & Shrublands"
18,1630,64,93,81.89816,6.509619,88.407779,75.388541,"10","AA_11","Australasia","Tundra"
19,1113014,11,86,39.139886,11.281782,50.421668,27.858104,"10","AA_12","Australasia","Mediterranean Forests, Woodlands & Scrub"
20,4626700,4,73,23.536967,4.832248,28.369215,18.704719,"10","AA_13","Australasia","Deserts & Xeric Shrublands"
21,31421,36,94,69.047039,8.818757,77.865796,60.228282,"10","AA_14","Australasia","Mangroves"
22,6661401,5,100,65.26284,19.200779,84.463619,46.062061,"10","IM_1","IndoMalay","Tropical & Subtropical Moist Broadleaf Forests"
23,1886721,6,100,49.778368,22.561211,72.339579,27.217157,"10","IM_2","IndoMalay","Tropical & Subtropical Dry Broadleaf Forests"
24,127677,6,100,35.319141,27.006501,62.325642,8.31264,"10","IM_3","IndoMalay","Tropical & Subtropical Coniferous Forests"
25,200216,6,100,49.346706,23.572183,72.918889,25.774523,"10","IM_4","IndoMalay","Temperate Broadleaf & Mixed Forests"
26,90962,7,100,46.717882,28.543736,75.261618,18.174146,"10","IM_5","IndoMalay","Temperate Conifer Forests"
27,45388,7,89,28.629197,10.800593,39.42979,17.828604,"10","IM_7","IndoMalay","Tropical & Subtropical Grasslands, Savannas & Shrublands"
28,35515,3,67,10.196002,5.58322,15.779222,4.612782,"10","IM_9","IndoMalay","Flooded Grasslands & Savannas"
29,5088,73,99,90.551101,4.915178,95.466279,85.635923,"10","IM_10","IndoMalay","Montane Grasslands & Shrublands"
30,1395876,1,90,24.996662,25.368886,50.365548,-0.372223999999999,"10","IM_13","IndoMalay","Deserts & Xeric Shrublands"
31,142938,1,98,67.764115,17.9234,85.687515,49.840715,"10","IM_14","IndoMalay","Mangroves"
32,666166,45,98,76.729788,8.160962,84.89075,68.568826,"10","NA_2","Nearctic","Tropical & Subtropical Dry Broadleaf Forests"
33,14778563,2,100,62.637615,15.008764,77.646379,47.628851,"10","NA_3","Nearctic","Tropical & Subtropical Coniferous Forests"
34,2891794,3,100,59.831953,14.509574,74.341527,45.322379,"10","NA_4","Nearctic","Temperate Broadleaf & Mixed Forests"
35,24585235,28,100,71.679076,10.769041,82.448117,60.910035,"10","NA_5","Nearctic","Temperate Conifer Forests"
36,8286176,8,100,50.166017,14.024194,64.190211,36.141823,"10","NA_6","Nearctic","Boreal Forests/Taiga"
37,526655,2,62,36.283918,14.316133,50.600051,21.967785,"10","NA_7","Nearctic","Tropical & Subtropical Grasslands, Savannas & Shrublands"
38,4899542,1,100,44.249058,18.419651,62.668709,25.829407,"10","NA_8","Nearctic","Temperate Grasslands, Savannas & Shrublands"
39,13143262,27,100,70.876266,10.89136,81.767626,59.984906,"10","NA_11","Nearctic","Tundra"
40,3015613,8,93,45.70086,10.670661,56.371521,35.030199,"10","NA_12","Nearctic","Mediterranean Forests, Woodlands & Scrub"
41,24039865,0,100,18.816715,11.712053,30.528768,7.104662,"10","NA_13","Nearctic","Deserts & Xeric Shrublands"
42,67273,14,32,21.098524,2.498843,23.597367,18.599681,"10","NA_98","Nearctic","Lake"
43,375006,15,86,37.321326,10.813773,48.135099,26.507553,"10","NA_99","Nearctic","Rock & Ice"
44,4419312,31,87,62.080593,9.462218,71.542811,52.618375,"10","NT_1","Neotropics","Tropical & Subtropical Moist Broadleaf Forests"
45,3848773,11,100,58.034956,14.404655,72.439611,43.630301,"10","NT_2","Neotropics","Tropical & Subtropical Dry Broadleaf Forests"
46,11172313,45,100,70.681506,7.630813,78.312319,63.050693,"10","NT_3","Neotropics","Tropical & Subtropical Coniferous Forests"
47,107349,29,66,45.757799,5.754018,51.511817,40.003781,"10","NT_4","Neotropics","Temperate Broadleaf & Mixed Forests"
48,5021883,12,78,49.589582,10.090144,59.679726,39.499438,"10","NT_7","Neotropics","Tropical & Subtropical Grasslands, Savannas & Shrublands"
49,14231614,14,100,65.920317,12.519371,78.439688,53.400946,"10","NT_8","Neotropics","Temperate Grasslands, Savannas & Shrublands"
50,173991,11,58,22.959854,4.710386,27.67024,18.249468,"10","NT_9","Neotropics","Flooded Grasslands & Savannas"
51,3294261,7,93,30.59934,10.897319,41.496659,19.702021,"10","NT_10","Neotropics","Montane Grasslands & Shrublands"
52,1517251,21,99,56.84115,11.972451,68.813601,44.868699,"10","NT_12","Neotropics","Mediterranean Forests, Woodlands & Scrub"
53,79364256,3,100,33.128477,16.137652,49.266129,16.990825,"10","NT_13","Neotropics","Deserts & Xeric Shrublands"
54,11000629,7,100,73.101568,9.915762,83.01733,63.185806,"10","NT_14","Neotropics","Mangroves"
55,1386714,14,100,60.572774,16.8879,77.460674,43.684874,"10","NT_98","Neotropics","Lake"
56,399192,24,100,68.86027,13.94179,82.80206,54.91848,"10","NT_99","Neotropics","Rock & Ice"
57,690956,19,100,75.866666,14.355049,90.221715,61.511617,"10","OC_1","Oceania","Tropical & Subtropical Moist Broadleaf Forests"
58,4946417,16,95,62.880128,13.155645,76.035773,49.724483,"10","OC_2","Oceania","Tropical & Subtropical Dry Broadleaf Forests"
59,2478959,17,100,50.006616,10.083693,60.090309,39.922923,"10","OC_7","Oceania","Tropical & Subtropical Grasslands, Savannas & Shrublands"
60,340291,31,92,60.713698,10.687695,71.401393,50.026003,"10","PA_1","Palearctic","Tropical & Subtropical Moist Broadleaf Forests"
61,1103938,4,100,40.227072,27.288738,67.51581,12.938334,"10","PA_4","Palearctic","Temperate Broadleaf & Mixed Forests"
62,203063,0,96,24.508251,18.07961,42.587861,6.428641,"10","PA_5","Palearctic","Temperate Conifer Forests"
63,1400946,1,100,44.720501,19.99035,64.710851,24.730151,"10","PA_6","Palearctic","Boreal Forests/Taiga"
64,151413,10,98,57.159524,17.74545,74.904974,39.414074,"10","PA_8","Palearctic","Temperate Grasslands, Savannas & Shrublands"
65,9721,17,65,35.915955,6.298641,42.214596,29.617314,"10","PA_9","Palearctic","Flooded Grasslands & Savannas"
66,31283,61,100,95.619762,5.511425,101.131187,90.108337,"10","PA_10","Palearctic","Montane Grasslands & Shrublands"
67,35354,12,100,72.192369,14.860797,87.053166,57.331572,"10","PA_11","Palearctic","Tundra"
68,18023,24,99,68.916274,12.931232,81.847506,55.985042,"10","PA_12","Palearctic","Mediterranean Forests, Woodlands & Scrub"
69,4200,24,97,49.53619,13.960705,63.496895,35.575485,"10","PA_13","Palearctic","Deserts & Xeric Shrublands"
1,4109910,2,100,66.654171,16.258196,82.912367,50.395975,"11","AT_1","Afrotropics","Tropical & Subtropical Moist Broadleaf Forests"
2,236635,15,98,58.086834,13.928281,72.015115,44.158553,"11","AT_2","Afrotropics","Tropical & Subtropical Dry Broadleaf Forests"
3,16675906,0,99,45.753633,25.382416,71.136049,20.371217,"11","AT_7","Afrotropics","Tropical & Subtropical Grasslands, Savannas & Shrublands"
4,32718,4,93,15.567333,11.247071,26.814404,4.320262,"11","AT_8","Afrotropics","Temperate Grasslands, Savannas & Shrublands"
5,547700,7,92,48.616018,19.673935,68.289953,28.942083,"11","AT_9","Afrotropics","Flooded Grasslands & Savannas"
6,1082136,4,100,52.570726,17.967864,70.53859,34.602862,"11","AT_10","Afrotropics","Montane Grasslands & Shrublands"
7,133341,12,72,34.710989,10.792881,45.50387,23.918108,"11","AT_12","Afrotropics","Mediterranean Forests, Woodlands & Scrub"
8,3035313,1,89,27.444453,14.99482,42.439273,12.449633,"11","AT_13","Afrotropics","Deserts & Xeric Shrublands"
9,90957,11,96,56.491782,20.073662,76.565444,36.41812,"11","AT_14","Afrotropics","Mangroves"
10,182688,10,97,55.457468,18.41546,73.872928,37.042008,"11","AT_98","Afrotropics","Lake"
11,15250242,3,100,41.774269,17.86276,59.637029,23.911509,"11","AN_11","Antarctic","Tundra"
12,1358169,28,100,79.689546,10.617744,90.30729,69.071802,"11","AA_1","Australasia","Tropical & Subtropical Moist Broadleaf Forests"
13,104288,30,100,67.255034,14.158346,81.41338,53.096688,"11","AA_2","Australasia","Tropical & Subtropical Dry Broadleaf Forests"
14,1060843,26,99,59.424281,9.418734,68.843015,50.005547,"11","AA_4","Australasia","Temperate Broadleaf & Mixed Forests"
15,2670428,9,89,48.800418,11.362362,60.16278,37.438056,"11","AA_7","Australasia","Tropical & Subtropical Grasslands, Savannas & Shrublands"
16,865493,30,88,45.86069,6.848686,52.709376,39.012004,"11","AA_8","Australasia","Temperate Grasslands, Savannas & Shrublands"
17,99967,41,100,71.45527,14.577058,86.032328,56.878212,"11","AA_10","Australasia","Montane Grasslands & Shrublands"
18,1630,63,96,85.296933,7.127545,92.424478,78.169388,"11","AA_11","Australasia","Tundra"
19,1113014,10,84,39.032245,7.834678,46.866923,31.197567,"11","AA_12","Australasia","Mediterranean Forests, Woodlands & Scrub"
20,4626700,6,72,32.851154,6.081544,38.932698,26.76961,"11","AA_13","Australasia","Deserts & Xeric Shrublands"
21,31421,46,93,73.000891,7.007439,80.00833,65.993452,"11","AA_14","Australasia","Mangroves"
22,6661401,5,100,56.884515,25.24566,82.130175,31.638855,"11","IM_1","IndoMalay","Tropical & Subtropical Moist Broadleaf Forests"
23,1886721,8,97,37.689765,21.931765,59.62153,15.758,"11","IM_2","IndoMalay","Tropical & Subtropical Dry Broadleaf Forests"
24,127677,5,100,29.031086,22.477944,51.50903,6.553142,"11","IM_3","IndoMalay","Tropical & Subtropical Coniferous Forests"
25,200216,5,93,37.747113,17.462857,55.20997,20.284256,"11","IM_4","IndoMalay","Temperate Broadleaf & Mixed Forests"
26,90962,5,99,36.70713,20.345412,57.052542,16.361718,"11","IM_5","IndoMalay","Temperate Conifer Forests"
27,45388,5,77,13.103419,4.334451,17.43787,8.768968,"11","IM_7","IndoMalay","Tropical & Subtropical Grasslands, Savannas & Shrublands"
28,35520,7,82,17.253801,8.91124,26.165041,8.342561,"11","IM_9","IndoMalay","Flooded Grasslands & Savannas"
29,5088,74,100,91.077044,5.368544,96.445588,85.7085,"11","IM_10","IndoMalay","Montane Grasslands & Shrublands"
30,1396261,4,87,23.041219,17.783794,40.825013,5.257425,"11","IM_13","IndoMalay","Deserts & Xeric Shrublands"
31,142941,6,99,58.15568,26.39316,84.54884,31.76252,"11","IM_14","IndoMalay","Mangroves"
32,666166,16,94,63.509786,14.404333,77.914119,49.105453,"11","NA_2","Nearctic","Tropical & Subtropical Dry Broadleaf Forests"
33,14778591,14,100,67.58134,16.71767,84.29901,50.86367,"11","NA_3","Nearctic","Tropical & Subtropical Coniferous Forests"
34,2891794,12,100,59.24731,16.751941,75.999251,42.495369,"11","NA_4","Nearctic","Temperate Broadleaf & Mixed Forests"
35,24585235,11,100,65.482153,15.117144,80.599297,50.365009,"11","NA_5","Nearctic","Temperate Conifer Forests"
36,8286176,16,100,59.918329,16.476638,76.394967,43.441691,"11","NA_6","Nearctic","Boreal Forests/Taiga"
37,526657,4,72,38.683836,11.237843,49.921679,27.445993,"11","NA_7","Nearctic","Tropical & Subtropical Grasslands, Savannas & Shrublands"
38,4899538,2,100,39.089624,17.398585,56.488209,21.691039,"11","NA_8","Nearctic","Temperate Grasslands, Savannas & Shrublands"
39,12384055,10,100,70.769466,15.749865,86.519331,55.019601,"11","NA_11","Nearctic","Tundra"
40,3015613,15,99,51.063498,11.737143,62.800641,39.326355,"11","NA_12","Nearctic","Mediterranean Forests, Woodlands & Scrub"
41,24048397,0,100,25.916942,15.73944,41.656382,10.177502,"11","NA_13","Nearctic","Deserts & Xeric Shrublands"
42,67273,15,31,21.090973,2.388267,23.47924,18.702706,"11","NA_98","Nearctic","Lake"
43,375006,15,76,28.464539,7.524797,35.989336,20.939742,"11","NA_99","Nearctic","Rock & Ice"
44,4419312,34,91,65.263961,12.128662,77.392623,53.135299,"11","NT_1","Neotropics","Tropical & Subtropical Moist Broadleaf Forests"
45,3848773,20,100,63.496258,14.885829,78.382087,48.610429,"11","NT_2","Neotropics","Tropical & Subtropical Dry Broadleaf Forests"
46,11172313,30,100,70.23954,11.474031,81.713571,58.765509,"11","NT_3","Neotropics","Tropical & Subtropical Coniferous Forests"
47,107349,34,64,48.254525,5.182435,53.43696,43.07209,"11","NT_4","Neotropics","Temperate Broadleaf & Mixed Forests"
48,5021883,22,85,53.159892,11.561441,64.721333,41.598451,"11","NT_7","Neotropics","Tropical & Subtropical Grasslands, Savannas & Shrublands"
49,11893003,20,100,68.684577,14.556729,83.241306,54.127848,"11","NT_8","Neotropics","Temperate Grasslands, Savannas & Shrublands"
50,173991,21,68,35.306401,5.9885,41.294901,29.317901,"11","NT_9","Neotropics","Flooded Grasslands & Savannas"
51,3294261,14,91,34.766362,12.713554,47.479916,22.052808,"11","NT_10","Neotropics","Montane Grasslands & Shrublands"
52,1517251,27,100,66.460503,10.68885,77.149353,55.771653,"11","NT_12","Neotropics","Mediterranean Forests, Woodlands & Scrub"
53,75987236,0,100,13.830415,17.917077,31.747492,-4.086662,"11","NT_13","Neotropics","Deserts & Xeric Shrublands"
54,11000629,13,100,75.405458,9.992098,85.397556,65.41336,"11","NT_14","Neotropics","Mangroves"
55,1386714,10,100,57.187473,20.980424,78.167897,36.207049,"11","NT_98","Neotropics","Lake"
56,399192,12,100,53.518294,18.226832,71.745126,35.291462,"11","NT_99","Neotropics","Rock & Ice"
57,690956,9,100,71.667681,18.452756,90.120437,53.214925,"11","OC_1","Oceania","Tropical & Subtropical Moist Broadleaf Forests"
58,4946417,13,98,65.787747,15.396121,81.183868,50.391626,"11","OC_2","Oceania","Tropical & Subtropical Dry Broadleaf Forests"
59,2478959,12,100,46.51539,11.256275,57.771665,35.259115,"11","OC_7","Oceania","Tropical & Subtropical Grasslands, Savannas & Shrublands"
60,340291,23,95,60.463694,13.140003,73.603697,47.323691,"11","PA_1","Palearctic","Tropical & Subtropical Moist Broadleaf Forests"
61,1103911,1,100,41.765241,26.546028,68.311269,15.219213,"11","PA_4","Palearctic","Temperate Broadleaf & Mixed Forests"
62,202897,0,88,17.42702,14.443774,31.870794,2.983246,"11","PA_5","Palearctic","Temperate Conifer Forests"
63,1400961,0,100,51.367466,20.883201,72.250667,30.484265,"11","PA_6","Palearctic","Boreal Forests/Taiga"
64,151413,11,97,54.639833,17.799324,72.439157,36.840509,"11","PA_8","Palearctic","Temperate Grasslands, Savannas & Shrublands"
65,9721,21,72,42.658574,8.956777,51.615351,33.701797,"11","PA_9","Palearctic","Flooded Grasslands & Savannas"
66,31283,58,100,95.984305,5.736475,101.72078,90.24783,"11","PA_10","Palearctic","Montane Grasslands & Shrublands"
67,35354,10,100,76.054704,14.538422,90.593126,61.516282,"11","PA_11","Palearctic","Tundra"
68,18023,27,96,70.458248,14.468143,84.926391,55.990105,"11","PA_12","Palearctic","Mediterranean Forests, Woodlands & Scrub"
69,4200,25,95,47.747857,11.5094,59.257257,36.238457,"11","PA_13","Palearctic","Deserts & Xeric Shrublands"
1,4109843,0,100,60.587308,18.578203,79.165511,42.009105,"12","AT_1","Afrotropics","Tropical & Subtropical Moist Broadleaf Forests"
2,236635,31,97,70.893397,11.180693,82.07409,59.712704,"12","AT_2","Afrotropics","Tropical & Subtropical Dry Broadleaf Forests"
3,16675114,0,99,43.387852,28.84571,72.233562,14.542142,"12","AT_7","Afrotropics","Tropical & Subtropical Grasslands, Savannas & Shrublands"
4,32718,5,93,18.653983,11.259753,29.913736,7.39423,"12","AT_8","Afrotropics","Temperate Grasslands, Savannas & Shrublands"
5,547700,7,94,47.13419,26.358479,73.492669,20.775711,"12","AT_9","Afrotropics","Flooded Grasslands & Savannas"
6,1082121,0,100,52.144171,20.894437,73.038608,31.249734,"12","AT_10","Afrotropics","Montane Grasslands & Shrublands"
7,133341,7,76,33.869815,12.933864,46.803679,20.935951,"12","AT_12","Afrotropics","Mediterranean Forests, Woodlands & Scrub"
8,3035305,0,90,29.130982,16.148885,45.279867,12.982097,"12","AT_13","Afrotropics","Deserts & Xeric Shrublands"
9,90957,10,97,51.600207,15.481158,67.081365,36.119049,"12","AT_14","Afrotropics","Mangroves"
10,182688,5,93,53.739036,18.281592,72.020628,35.457444,"12","AT_98","Afrotropics","Lake"
11,15249812,2,100,32.768827,17.776597,50.545424,14.99223,"12","AN_11","Antarctic","Tundra"
12,1358169,35,100,82.482868,9.334646,91.817514,73.148222,"12","AA_1","Australasia","Tropical & Subtropical Moist Broadleaf Forests"
13,104288,40,100,85.994601,8.853576,94.848177,77.141025,"12","AA_2","Australasia","Tropical & Subtropical Dry Broadleaf Forests"
14,1060843,31,95,58.737062,11.907517,70.644579,46.829545,"12","AA_4","Australasia","Temperate Broadleaf & Mixed Forests"
15,2670428,19,94,61.115385,11.177991,72.293376,49.937394,"12","AA_7","Australasia","Tropical & Subtropical Grasslands, Savannas & Shrublands"
16,865493,25,88,44.195772,9.43101,53.626782,34.764762,"12","AA_8","Australasia","Temperate Grasslands, Savannas & Shrublands"
17,99967,43,100,72.844879,13.909159,86.754038,58.93572,"12","AA_10","Australasia","Montane Grasslands & Shrublands"
18,1630,64,94,83.406135,6.501128,89.907263,76.905007,"12","AA_11","Australasia","Tundra"
19,1113014,12,78,33.198543,6.999194,40.197737,26.199349,"12","AA_12","Australasia","Mediterranean Forests, Woodlands & Scrub"
20,4626700,9,71,37.402892,8.604884,46.007776,28.798008,"12","AA_13","Australasia","Deserts & Xeric Shrublands"
21,31421,49,95,76.876134,6.742211,83.618345,70.133923,"12","AA_14","Australasia","Mangroves"
22,6661401,6,100,55.149653,27.918729,83.068382,27.230924,"12","IM_1","IndoMalay","Tropical & Subtropical Moist Broadleaf Forests"
23,1886721,4,97,30.005824,21.967573,51.973397,8.038251,"12","IM_2","IndoMalay","Tropical & Subtropical Dry Broadleaf Forests"
24,127677,8,100,33.095272,19.945901,53.041173,13.149371,"12","IM_3","IndoMalay","Tropical & Subtropical Coniferous Forests"
25,200216,6,94,39.841831,15.246943,55.088774,24.594888,"12","IM_4","IndoMalay","Temperate Broadleaf & Mixed Forests"
26,90962,8,99,37.953981,16.908268,54.862249,21.045713,"12","IM_5","IndoMalay","Temperate Conifer Forests"
27,45388,7,80,19.082709,5.129103,24.211812,13.953606,"12","IM_7","IndoMalay","Tropical & Subtropical Grasslands, Savannas & Shrublands"
28,35520,5,82,17.360248,10.768916,28.129164,6.591332,"12","IM_9","IndoMalay","Flooded Grasslands & Savannas"
29,5088,78,100,92.517296,4.255513,96.772809,88.261783,"12","IM_10","IndoMalay","Montane Grasslands & Shrublands"
30,1396261,4,82,20.233496,13.440479,33.673975,6.793017,"12","IM_13","IndoMalay","Deserts & Xeric Shrublands"
31,142941,6,99,55.592097,30.00265,85.594747,25.589447,"12","IM_14","IndoMalay","Mangroves"
32,666166,15,92,64.628992,18.733781,83.362773,45.895211,"12","NA_2","Nearctic","Tropical & Subtropical Dry Broadleaf Forests"
33,14778591,17,100,66.222982,16.952449,83.175431,49.270533,"12","NA_3","Nearctic","Tropical & Subtropical Coniferous Forests"
34,2890195,7,100,56.916742,19.57583,76.492572,37.340912,"12","NA_4","Nearctic","Temperate Broadleaf & Mixed Forests"
35,23673982,6,100,63.574468,17.851108,81.425576,45.72336,"12","NA_5","Nearctic","Temperate Conifer Forests"
36,8286176,17,100,59.226855,16.584047,75.810902,42.642808,"12","NA_6","Nearctic","Boreal Forests/Taiga"
37,526657,7,74,35.005144,8.419681,43.424825,26.585463,"12","NA_7","Nearctic","Tropical & Subtropical Grasslands, Savannas & Shrublands"
38,4899538,2,100,39.792402,17.323291,57.115693,22.469111,"12","NA_8","Nearctic","Temperate Grasslands, Savannas & Shrublands"
39,6336055,0,100,66.442116,20.158143,86.600259,46.283973,"12","NA_11","Nearctic","Tundra"
40,3015613,17,100,54.051976,12.401694,66.45367,41.650282,"12","NA_12","Nearctic","Mediterranean Forests, Woodlands & Scrub"
41,24048821,1,100,31.221268,17.709303,48.930571,13.511965,"12","NA_13","Nearctic","Deserts & Xeric Shrublands"
42,67273,22,39,28.723723,2.074008,30.797731,26.649715,"12","NA_98","Nearctic","Lake"
43,375006,21,75,33.15656,5.650944,38.807504,27.505616,"12","NA_99","Nearctic","Rock & Ice"
44,4419312,44,99,70.712029,10.366146,81.078175,60.345883,"12","NT_1","Neotropics","Tropical & Subtropical Moist Broadleaf Forests"
45,3848773,22,100,64.510247,10.873956,75.384203,53.636291,"12","NT_2","Neotropics","Tropical & Subtropical Dry Broadleaf Forests"
46,11172299,24,100,65.88238,11.061895,76.944275,54.820485,"12","NT_3","Neotropics","Tropical & Subtropical Coniferous Forests"
47,107349,50,72,59.596531,3.595301,63.191832,56.00123,"12","NT_4","Neotropics","Temperate Broadleaf & Mixed Forests"
48,5021883,26,87,57.333952,9.767265,67.101217,47.566687,"12","NT_7","Neotropics","Tropical & Subtropical Grasslands, Savannas & Shrublands"
49,7526850,17,100,69.060775,13.931345,82.99212,55.12943,"12","NT_8","Neotropics","Temperate Grasslands, Savannas & Shrublands"
50,173991,30,89,45.49956,6.251555,51.751115,39.248005,"12","NT_9","Neotropics","Flooded Grasslands & Savannas"
51,3294261,18,93,42.098572,12.741781,54.840353,29.356791,"12","NT_10","Neotropics","Montane Grasslands & Shrublands"
52,1517251,20,100,69.557719,13.918515,83.476234,55.639204,"12","NT_12","Neotropics","Mediterranean Forests, Woodlands & Scrub"
53,72543621,0,100,5.998078,12.645115,18.643193,-6.647037,"12","NT_13","Neotropics","Deserts & Xeric Shrublands"
54,11000629,10,100,76.730011,9.807951,86.537962,66.92206,"12","NT_14","Neotropics","Mangroves"
55,1386714,5,100,56.271701,21.420483,77.692184,34.851218,"12","NT_98","Neotropics","Lake"
56,399192,9,99,45.604143,18.049717,63.65386,27.554426,"12","NT_99","Neotropics","Rock & Ice"
57,690956,6,100,68.13333,22.132367,90.265697,46.000963,"12","OC_1","Oceania","Tropical & Subtropical Moist Broadleaf Forests"
58,4946417,13,98,68.141521,13.738404,81.879925,54.403117,"12","OC_2","Oceania","Tropical & Subtropical Dry Broadleaf Forests"
59,2478959,12,100,43.675759,12.993481,56.66924,30.682278,"12","OC_7","Oceania","Tropical & Subtropical Grasslands, Savannas & Shrublands"
60,340291,17,94,63.355028,13.38626,76.741288,49.968768,"12","PA_1","Palearctic","Tropical & Subtropical Moist Broadleaf Forests"
61,1103913,2,100,49.373706,27.591986,76.965692,21.78172,"12","PA_4","Palearctic","Temperate Broadleaf & Mixed Forests"
62,202750,0,71,12.571354,11.915586,24.48694,0.655768,"12","PA_5","Palearctic","Temperate Conifer Forests"
63,1400909,1,100,57.399238,20.695088,78.094326,36.70415,"12","PA_6","Palearctic","Boreal Forests/Taiga"
64,151413,5,96,53.357664,17.445925,70.803589,35.911739,"12","PA_8","Palearctic","Temperate Grasslands, Savannas & Shrublands"
65,9721,29,84,57.681514,11.473991,69.155505,46.207523,"12","PA_9","Palearctic","Flooded Grasslands & Savannas"
66,31283,60,100,96.949174,5.221753,102.170927,91.727421,"12","PA_10","Palearctic","Montane Grasslands & Shrublands"
67,35354,13,98,73.796798,13.841425,87.638223,59.955373,"12","PA_11","Palearctic","Tundra"
68,18023,26,96,66.27415,15.494609,81.768759,50.779541,"12","PA_12","Palearctic","Mediterranean Forests, Woodlands & Scrub"
69,4200,21,85,40.019286,9.045273,49.064559,30.974013,"12","PA_13","Palearctic","Deserts & Xeric Shrublands"
